ABE,"1	",545,2994,18213,0
ABE,"2	",567,2874,18028,0
ABE,"3	",507,3141,18130,0
ABE,"4	",549,3308,18233,0
ABE,"5	",548,3328,18138,0
ABE,"6	",450,2245,16095,0
ABE,"7	",424,2477,16139,0
ABI,"1	",58,441,3225,0
ABI,"2	",84,410,3232,0
ABI,"3	",94,350,3218,0
ABI,"4	",89,399,3213,0
ABI,"5	",66,393,3186,0
ABI,"6	",53,330,2530,0
ABI,"7	",67,395,3109,0
ABQ,"1	",865,19170,111519,38.32065728
ABQ,"2	",1097,17366,111593,37.11499482
ABQ,"3	",1073,18885,111741,37.30256818
ABQ,"4	",902,23231,111322,38.19176962
ABQ,"5	",809,25952,111329,39.03988132
ABQ,"6	",787,15403,97050,36.74238785
ABQ,"7	",640,20385,105770,36.95889134
ABY,"1	",45,303,1192,0
ABY,"2	",33,248,1142,0
ABY,"3	",27,248,1180,0
ABY,"4	",44,296,1195,0
ABY,"5	",36,304,1197,0
ABY,"6	",26,145,962,0
ABY,"7	",47,267,1167,0
ACK,"1	",25,131,334,0
ACK,"2	",18,96,219,0
ACK,"3	",28,64,188,0
ACK,"4	",28,101,226,0
ACK,"5	",33,122,273,0
ACK,"6	",16,97,296,0
ACK,"7	",20,104,276,0
ACT,"1	",96,330,3156,0
ACT,"2	",115,319,3069,0
ACT,"3	",96,307,3112,0
ACT,"4	",116,303,3149,0
ACT,"5	",69,345,3156,0
ACT,"6	",53,232,2464,0
ACT,"7	",67,333,2975,0
ACV,"1	",147,866,3551,0
ACV,"2	",126,760,3546,0
ACV,"3	",124,789,3547,0
ACV,"4	",109,782,3540,0
ACV,"5	",147,875,3530,58.76228571
ACV,"6	",112,700,2906,54.07857143
ACV,"7	",111,792,3162,0
ACY,"1	",31,201,1215,0
ACY,"2	",29,182,1206,0
ACY,"3	",20,191,1187,0
ACY,"4	",18,230,1227,0
ACY,"5	",29,263,1231,0
ACY,"6	",28,177,1259,0
ACY,"7	",29,260,1473,0
ADK,"2	",2,7,22,0
ADK,"4	",18,115,269,0
ADK,"6	",1,0,1,0
ADK,"7	",27,118,297,0
ADQ,"1	",89,279,1502,0
ADQ,"2	",116,277,1506,0
ADQ,"3	",96,308,1471,0
ADQ,"4	",121,325,1463,0
ADQ,"5	",101,384,1472,0
ADQ,"6	",98,411,1440,0
ADQ,"7	",90,349,1473,0
AEX,"1	",75,603,2596,0
AEX,"2	",74,486,2424,0
AEX,"3	",56,571,2524,0
AEX,"4	",76,672,2611,0
AEX,"5	",65,548,2618,0
AEX,"6	",63,328,2079,0
AEX,"7	",55,536,2393,0
AGS,"1	",225,1618,7847,0
AGS,"2	",215,1432,7762,0
AGS,"3	",174,1606,7819,0
AGS,"4	",187,1820,7833,0
AGS,"5	",181,1763,7810,0
AGS,"6	",186,1010,6873,0
AGS,"7	",178,1361,7434,0
AKN,"1	",10,127,577,0
AKN,"2	",30,205,1017,0
AKN,"3	",24,127,643,0
AKN,"4	",52,320,1184,0
AKN,"5	",29,198,673,0
AKN,"6	",15,227,811,0
AKN,"7	",57,298,1100,0
ALB,"1	",734,8690,42964,43.47997699
ALB,"2	",854,8526,42710,43.00469153
ALB,"3	",833,9089,42905,0
ALB,"4	",872,9862,42866,0
ALB,"5	",875,10221,42790,45.58732022
ALB,"6	",720,6722,38009,40.64459982
ALB,"7	",737,7619,40520,0
ALO,"1	",26,26,236,0
ALO,"2	",24,26,240,0
ALO,"3	",22,20,237,0
ALO,"4	",22,28,239,0
ALO,"5	",18,28,235,0
ALO,"6	",18,27,240,0
ALO,"7	",17,14,137,0
AMA,"1	",359,2570,19804,0
AMA,"2	",425,2397,19756,0
AMA,"3	",401,2650,19789,0
AMA,"4	",330,3250,19723,0
AMA,"5	",234,3949,19622,0
AMA,"6	",195,1990,15508,0
AMA,"7	",174,3279,18275,0
ANC,"1	",1252,12579,56834,0
ANC,"2	",1387,12385,57192,0
ANC,"3	",1462,13737,57272,0
ANC,"4	",1516,14177,56950,0
ANC,"5	",1501,15907,57620,0
ANC,"6	",1383,14463,55155,0
ANC,"7	",1270,12751,54369,38.41188926
ANI,"1	",3,10,64,0
ANI,"2	",1,0,9,0
ANI,"3	",11,25,158,0
ANI,"5	",6,13,88,0
ANI,"6	",4,31,156,0
APF,"1	",23,140,589,0
APF,"2	",16,112,581,0
APF,"3	",17,120,590,0
APF,"4	",14,124,599,0
APF,"5	",21,116,596,0
APF,"6	",14,97,543,0
APF,"7	",15,123,576,0
ASE,"1	",154,502,1973,0
ASE,"2	",165,404,1905,0
ASE,"3	",182,370,1935,0
ASE,"4	",200,473,1961,0
ASE,"5	",217,534,2062,0
ASE,"6	",200,737,2279,0
ASE,"7	",218,679,2230,0
ATL,"1	",15618,244140,886723,41.41327927
ATL,"2	",15957,217846,880538,40.71048355
ATL,"3	",15460,238430,884337,41.44827832
ATL,"4	",16831,271700,884014,43.43762606
ATL,"5	",15065,277922,884365,43.99407747
ATL,"6	",15208,184018,814332,37.29366692
ATL,"7	",12941,235377,866644,41.81342697
ATW,"1	",184,932,3779,0
ATW,"2	",169,794,3717,0
ATW,"3	",162,799,3748,0
ATW,"4	",181,818,3770,0
ATW,"5	",185,882,3764,0
ATW,"6	",138,498,3008,0
ATW,"7	",179,711,3272,0
AUS,"1	",1681,17563,120016,44.205318
AUS,"2	",1785,16340,119872,42.58604651
AUS,"3	",1849,18029,120077,42.44855511
AUS,"4	",1581,21807,119706,42.95171275
AUS,"5	",1416,23621,119565,41.58608865
AUS,"6	",1236,12933,96557,40.53011676
AUS,"7	",1175,17814,107766,42.13287302
AVL,"1	",251,1662,8373,0
AVL,"2	",226,1502,8202,0
AVL,"3	",206,1615,8255,0
AVL,"4	",217,1646,8323,0
AVL,"5	",261,1726,8334,0
AVL,"6	",181,1142,7443,0
AVL,"7	",180,1535,8159,0
AVP,"1	",184,1234,6831,0
AVP,"2	",179,1190,6729,0
AVP,"3	",198,1235,6827,0
AVP,"4	",166,1340,6822,0
AVP,"5	",209,1315,6833,0
AVP,"6	",185,950,6474,0
AVP,"7	",177,1025,6589,0
AZO,"1	",430,1486,9593,0
AZO,"2	",416,1481,9534,0
AZO,"3	",415,1523,9611,0
AZO,"4	",420,1646,9578,0
AZO,"5	",448,1559,9520,0
AZO,"6	",356,1123,8430,0
AZO,"7	",327,1265,8645,0
BDL,"1	",1828,18445,95830,42.21501762
BDL,"2	",1945,18183,95101,41.323049
BDL,"3	",1812,19705,95456,41.97985283
BDL,"4	",1736,21830,95590,43.46953733
BDL,"5	",1949,22837,95549,43.91110916
BDL,"6	",1493,15259,84056,39.38980274
BDL,"7	",1502,16488,89381,42.21888646
BET,"1	",108,610,3082,0
BET,"2	",124,545,3058,0
BET,"3	",143,617,3057,0
BET,"4	",134,627,2965,0
BET,"5	",129,810,3192,0
BET,"6	",112,644,2514,0
BET,"7	",63,462,1942,0
BFF,"7	",0,1,1,93
BFI,"6	",0,1,1,20
BFL,"1	",97,875,5341,0
BFL,"2	",82,780,5280,0
BFL,"3	",62,810,5328,0
BFL,"4	",79,898,5365,0
BFL,"5	",92,1018,5369,0
BFL,"6	",80,723,4858,0
BFL,"7	",88,806,5217,0
BGM,"1	",121,597,3848,0
BGM,"2	",144,615,3855,0
BGM,"3	",108,617,3852,0
BGM,"4	",133,631,3835,0
BGM,"5	",128,610,3836,0
BGM,"6	",107,411,3455,0
BGM,"7	",126,510,3805,0
BGR,"1	",238,1614,7942,0
BGR,"2	",226,1632,7955,0
BGR,"3	",229,1588,7970,0
BGR,"4	",250,1575,7939,0
BGR,"5	",296,1634,7944,0
BGR,"6	",212,1400,7489,0
BGR,"7	",248,1338,7879,0
BHM,"1	",731,9744,60068,0
BHM,"2	",787,9228,59891,0
BHM,"3	",719,10324,60122,42.47404107
BHM,"4	",825,11983,59874,43.39130435
BHM,"5	",768,12943,59796,43.10955729
BHM,"6	",720,7366,51120,39.45818626
BHM,"7	",674,9397,55687,42.93295733
BIL,"1	",192,1833,13329,0
BIL,"2	",145,1913,13239,0
BIL,"3	",199,1966,13278,0
BIL,"4	",189,2147,13288,0
BIL,"5	",180,1939,13292,0
BIL,"6	",175,1804,12802,0
BIL,"7	",167,1710,13275,0
BIS,"1	",120,870,7109,0
BIS,"2	",89,937,7124,0
BIS,"3	",96,951,7130,0
BIS,"4	",105,1037,7139,0
BIS,"5	",97,894,7108,0
BIS,"6	",98,687,6605,0
BIS,"7	",102,760,6595,0
BJI,"1	",2,5,31,0
BJI,"2	",3,3,30,0
BJI,"3	",1,4,28,0
BJI,"4	",2,9,30,0
BJI,"5	",3,6,30,0
BJI,"6	",1,6,22,0
BJI,"7	",3,6,31,0
BLI,"1	",27,145,1047,0
BLI,"2	",20,176,1048,0
BLI,"3	",29,159,1058,0
BLI,"4	",38,183,1048,0
BLI,"5	",37,178,1044,0
BLI,"6	",25,119,982,0
BLI,"7	",18,90,896,0
BMI,"1	",174,862,3281,0
BMI,"2	",187,793,3393,0
BMI,"3	",166,785,3296,0
BMI,"4	",167,923,3386,0
BMI,"5	",211,892,3273,0
BMI,"6	",107,645,3076,0
BMI,"7	",140,830,3397,0
BNA,"1	",1832,30764,173357,41.67946301
BNA,"2	",2063,30322,173424,40.33869798
BNA,"3	",1897,33010,173613,41.17279612
BNA,"4	",2073,37617,172541,42.26038759
BNA,"5	",1876,39291,172360,41.75314958
BNA,"6	",1616,24037,147019,37.79951741
BNA,"7	",1429,31049,162809,40.32200715
BOI,"1	",273,5422,34639,0
BOI,"2	",329,5169,34570,0
BOI,"3	",347,5500,34591,0
BOI,"4	",297,6342,34518,0
BOI,"5	",285,7020,34639,45.88618234
BOI,"6	",296,4716,31821,0
BOI,"7	",282,5486,32834,0
BOS,"1	",12288,80470,341248,44.49896856
BOS,"2	",12792,79556,340995,44.03968274
BOS,"3	",12330,86990,341458,45.1340269
BOS,"4	",11993,93472,340930,46.5445481
BOS,"5	",13206,99197,340763,49.42949888
BOS,"6	",7542,57916,275406,40.72890048
BOS,"7	",8940,71854,310157,44.94323211
BPT,"1	",41,138,1274,0
BPT,"2	",47,141,1214,0
BPT,"3	",45,136,1232,0
BPT,"4	",44,159,1295,0
BPT,"5	",33,141,1286,0
BPT,"6	",27,96,987,0
BPT,"7	",22,130,1164,0
BQK,"1	",48,256,1040,0
BQK,"2	",33,202,973,0
BQK,"3	",31,232,1006,0
BQK,"4	",37,271,1036,0
BQK,"5	",32,237,1041,0
BQK,"6	",26,140,837,0
BQK,"7	",30,234,1001,0
BQN,"1	",9,207,1283,0
BQN,"2	",7,214,1189,0
BQN,"3	",13,197,1213,0
BQN,"4	",7,196,1177,0
BQN,"5	",11,220,1277,0
BQN,"6	",12,228,1224,0
BQN,"7	",9,173,1276,0
BRO,"1	",45,324,2195,0
BRO,"2	",31,288,2030,0
BRO,"3	",33,265,2105,0
BRO,"4	",45,318,2223,0
BRO,"5	",31,269,2216,0
BRO,"6	",41,265,2080,0
BRO,"7	",38,253,1932,0
BRW,"1	",99,348,1837,0
BRW,"2	",95,396,1858,0
BRW,"3	",121,504,1930,0
BRW,"4	",82,534,1843,0
BRW,"5	",118,552,1998,0
BRW,"6	",73,452,1866,0
BRW,"7	",52,346,1703,0
BTM,"1	",73,151,1607,0
BTM,"2	",52,146,1594,0
BTM,"3	",54,122,1616,0
BTM,"4	",51,166,1612,0
BTM,"5	",56,144,1606,0
BTM,"6	",38,143,1516,0
BTM,"7	",50,158,1583,0
BTR,"1	",488,4346,22090,0
BTR,"2	",444,4059,21863,0
BTR,"3	",416,4281,21966,0
BTR,"4	",433,4686,22068,0
BTR,"5	",348,4638,21968,0
BTR,"6	",325,3199,18509,0
BTR,"7	",311,3983,20945,0
BTV,"1	",409,3547,16102,0
BTV,"2	",410,3606,15915,0
BTV,"3	",402,3673,16022,0
BTV,"4	",413,3946,16083,0
BTV,"5	",443,4205,16053,0
BTV,"6	",344,3068,15057,0
BTV,"7	",371,3089,15554,0
BUF,"1	",1582,14178,72404,46.29510509
BUF,"2	",1781,14527,72180,45.2337716
BUF,"3	",1680,15079,72302,45.60010611
BUF,"4	",1683,16072,72092,47.0945122
BUF,"5	",1962,16664,72001,49.52346375
BUF,"6	",1224,10884,61546,44.71416759
BUF,"7	",1310,12560,67092,47.66353503
BUR,"1	",1279,13493,86479,39.40910102
BUR,"2	",1498,11336,86698,0
BUR,"3	",1493,12253,86708,38.77042357
BUR,"4	",1318,16369,86240,39.75331419
BUR,"5	",729,21292,86441,0
BUR,"6	",844,9400,69687,37.07521277
BUR,"7	",719,16493,78754,0
BWI,"1	",3706,54865,251990,39.96536954
BWI,"2	",4333,51171,251663,40.88606828
BWI,"3	",3861,56359,252173,41.95840948
BWI,"4	",4005,64297,251420,43.23652737
BWI,"5	",3870,71505,251778,41.71367037
BWI,"6	",2839,46202,219337,37.68652872
BWI,"7	",3124,55246,239019,40.20401477
BZN,"1	",156,1701,10137,0
BZN,"2	",169,1631,10013,0
BZN,"3	",136,1686,10074,0
BZN,"4	",161,1842,10072,0
BZN,"5	",154,1769,10119,0
BZN,"6	",148,1830,10139,0
BZN,"7	",154,1889,10523,0
CAE,"1	",657,5008,24811,0
CAE,"2	",595,4875,24663,0
CAE,"3	",569,5296,24830,0
CAE,"4	",579,5895,24768,0
CAE,"5	",628,6152,24706,0
CAE,"6	",530,3663,20965,0
CAE,"7	",510,4521,23078,0
CAK,"1	",249,2486,11768,0
CAK,"2	",270,2356,11611,0
CAK,"3	",294,2402,11706,0
CAK,"4	",282,2572,11743,0
CAK,"5	",292,2588,11759,0
CAK,"6	",266,1785,10794,0
CAK,"7	",242,2144,11440,0
CCR,"1	",14,62,692,0
CCR,"2	",15,44,689,0
CCR,"3	",17,59,691,0
CCR,"4	",20,85,691,0
CCR,"5	",27,99,690,0
CCR,"6	",16,41,483,0
CCR,"7	",4,53,529,0
CDC,"1	",15,74,581,0
CDC,"2	",15,74,585,0
CDC,"3	",11,69,583,0
CDC,"4	",8,79,576,0
CDC,"5	",14,88,580,0
CDC,"6	",13,51,462,0
CDC,"7	",11,63,489,0
CDV,"1	",38,332,2175,0
CDV,"2	",40,403,2147,0
CDV,"3	",48,457,2133,0
CDV,"4	",60,474,2114,0
CDV,"5	",45,519,2210,0
CDV,"6	",49,519,2133,0
CDV,"7	",39,411,2223,0
CEC,"1	",34,252,961,0
CEC,"2	",38,256,960,0
CEC,"3	",34,239,960,0
CEC,"4	",35,256,953,0
CEC,"5	",55,263,953,0
CEC,"6	",38,220,754,0
CEC,"7	",29,224,809,0
CHA,"1	",301,1713,10527,0
CHA,"2	",277,1536,10468,0
CHA,"3	",239,1730,10597,0
CHA,"4	",269,1940,10561,0
CHA,"5	",280,1845,10451,0
CHA,"6	",238,1115,8893,0
CHA,"7	",269,1494,9743,0
CHO,"1	",69,483,2869,0
CHO,"2	",85,432,2804,0
CHO,"3	",54,447,2857,0
CHO,"4	",73,504,2861,0
CHO,"5	",86,553,2889,0
CHO,"6	",68,310,2353,0
CHO,"7	",72,452,2691,0
CHS,"1	",733,6064,32471,0
CHS,"2	",705,5574,32232,0
CHS,"3	",712,6142,32390,0
CHS,"4	",760,6855,32381,0
CHS,"5	",777,7210,32308,0
CHS,"6	",652,5014,29830,0
CHS,"7	",568,5552,30879,0
CIC,"1	",28,223,1080,0
CIC,"2	",32,212,1080,0
CIC,"3	",24,208,1080,0
CIC,"4	",24,200,1071,0
CIC,"5	",36,256,1073,0
CIC,"6	",9,184,871,0
CIC,"7	",22,222,1026,0
CID,"1	",743,3387,19348,0
CID,"2	",781,3191,19370,0
CID,"3	",780,3293,19451,0
CID,"4	",750,3578,19320,0
CID,"5	",798,3518,19251,0
CID,"6	",555,2355,16303,0
CID,"7	",563,2638,16637,0
CKB,"1	",0,0,1,0
CKB,"2	",0,1,1,12
CKB,"3	",0,1,2,0
CKB,"4	",0,0,1,0
CKB,"5	",0,1,1,-5
CKB,"6	",0,0,1,0
CKB,"7	",0,1,1,24
CLD,"1	",58,317,2159,0
CLD,"2	",56,277,2170,0
CLD,"3	",44,262,2166,0
CLD,"4	",26,290,2150,0
CLD,"5	",48,391,2144,0
CLD,"6	",42,219,1597,0
CLD,"7	",46,296,1856,0
CLE,"1	",3356,42730,215113,43.97512286
CLE,"2	",3722,41702,208795,43.74545585
CLE,"3	",3608,44530,211408,45.60307658
CLE,"4	",4075,49541,215748,45.2232898
CLE,"5	",3682,50430,215631,45.48629784
CLE,"6	",2419,26044,161388,40.03413454
CLE,"7	",2478,35412,187802,43.57754434
CLL,"1	",91,342,2984,0
CLL,"2	",91,306,2946,0
CLL,"3	",75,294,2971,0
CLL,"4	",89,324,2995,0
CLL,"5	",64,294,2992,0
CLL,"6	",46,240,2354,0
CLL,"7	",68,333,2832,0
CLT,"1	",6505,87403,372226,38.54144595
CLT,"2	",6906,85963,371060,0
CLT,"3	",6482,92723,371590,0
CLT,"4	",6423,103911,371141,0
CLT,"5	",6760,106429,370996,0
CLT,"6	",5381,71132,330033,35.42229939
CLT,"7	",5507,83908,358993,38.07634552
CMH,"1	",2309,22114,112552,45.8052365
CMH,"2	",2522,21998,112304,45.2317938
CMH,"3	",2423,23612,112501,46.53477046
CMH,"4	",2362,25992,112273,47.20690982
CMH,"5	",2329,27139,112173,46.61476104
CMH,"6	",1604,16446,93374,42.47513073
CMH,"7	",1757,20106,104186,45.42952353
CMI,"1	",212,796,4172,0
CMI,"2	",195,790,4179,0
CMI,"3	",173,804,4174,0
CMI,"4	",204,858,4161,0
CMI,"5	",212,896,4150,0
CMI,"6	",117,577,3599,0
CMI,"7	",132,662,4039,0
CMX,"1	",9,11,93,0
CMX,"2	",8,11,94,0
CMX,"3	",9,8,94,0
CMX,"4	",7,7,93,0
CMX,"5	",6,16,91,0
CMX,"6	",6,8,86,0
CMX,"7	",11,12,76,0
COD,"1	",16,147,971,0
COD,"2	",16,107,965,0
COD,"3	",16,124,967,0
COD,"4	",18,127,972,0
COD,"5	",13,130,974,0
COD,"6	",15,159,962,0
COD,"7	",13,165,969,0
COS,"1	",781,6502,39062,0
COS,"2	",859,5727,38792,42.84424655
COS,"3	",937,6038,38953,0
COS,"4	",897,6927,38977,47.81536018
COS,"5	",738,7000,38900,46.54571429
COS,"6	",692,5611,35773,0
COS,"7	",680,6560,37988,46.09039634
CPR,"1	",58,573,3841,0
CPR,"2	",48,536,3822,0
CPR,"3	",45,557,3848,0
CPR,"4	",80,614,3834,0
CPR,"5	",62,571,3830,0
CPR,"6	",43,517,3495,0
CPR,"7	",69,608,3714,0
CRP,"1	",342,2480,18581,0
CRP,"2	",276,2406,18386,0
CRP,"3	",293,2662,18510,0
CRP,"4	",310,3003,18497,0
CRP,"5	",272,3197,18561,0
CRP,"6	",182,1715,14093,0
CRP,"7	",179,2477,16310,0
CRW,"1	",271,1603,9010,0
CRW,"2	",257,1606,8871,0
CRW,"3	",253,1634,8976,0
CRW,"4	",252,1795,8993,0
CRW,"5	",265,1814,8986,0
CRW,"6	",209,1218,7494,0
CRW,"7	",233,1406,8532,0
CSG,"1	",136,518,2774,0
CSG,"2	",105,444,2735,0
CSG,"3	",83,517,2772,0
CSG,"4	",112,594,2791,0
CSG,"5	",94,626,2772,0
CSG,"6	",70,389,2253,0
CSG,"7	",97,474,2710,0
CVG,"1	",5074,61441,282012,39.43168243
CVG,"2	",5332,59309,276586,39.56472036
CVG,"3	",5549,63673,282012,40.31280134
CVG,"4	",5952,70451,281910,41.08235511
CVG,"5	",5503,71716,281556,40.95048525
CVG,"6	",5106,48409,251747,37.43031255
CVG,"7	",4742,56710,267474,40.24378417
CWA,"1	",48,267,1171,0
CWA,"2	",52,231,1183,0
CWA,"3	",46,245,1176,0
CWA,"4	",55,222,1158,0
CWA,"5	",66,240,1154,0
CWA,"6	",30,188,946,0
CWA,"7	",59,204,1093,0
CYS,"3	",0,1,1,44
CYS,"6	",0,1,1,200
DAB,"1	",162,2441,12365,0
DAB,"2	",130,2514,12313,0
DAB,"3	",133,2544,12264,0
DAB,"4	",172,2843,12301,0
DAB,"5	",150,2761,12299,0
DAB,"6	",184,2192,12657,0
DAB,"7	",142,2200,12457,0
DAL,"1	",3770,20796,147180,0
DAL,"2	",3786,20435,147988,0
DAL,"3	",3524,25787,147836,0
DAL,"4	",2938,33873,146092,0
DAL,"5	",1915,42527,146671,0
DAL,"6	",931,12664,91223,0
DAL,"7	",1533,29563,125226,0
DAY,"1	",1012,11096,56058,41.16735761
DAY,"2	",1181,11865,55759,40.56713021
DAY,"3	",1063,12206,55978,40.51532033
DAY,"4	",1162,13159,55909,0
DAY,"5	",1109,12950,55818,41.90393822
DAY,"6	",1071,8242,48396,37.98119388
DAY,"7	",849,9847,52541,40.37199147
DBQ,"1	",75,336,1507,0
DBQ,"2	",88,301,1512,0
DBQ,"3	",84,308,1514,0
DBQ,"4	",77,362,1501,0
DBQ,"5	",88,335,1505,0
DBQ,"6	",55,178,1238,0
DBQ,"7	",77,269,1444,0
DCA,"1	",8671,48839,275304,42.58778845
DCA,"2	",9287,50057,276179,42.45464171
DCA,"3	",8962,56713,276251,42.41611271
DCA,"4	",9364,61472,274645,42.850924
DCA,"5	",9290,64915,273647,43.72541015
DCA,"6	",5715,31392,208539,39.42533129
DCA,"7	",6822,44779,248379,42.77978517
DEN,"1	",6494,115895,481888,43.48018465
DEN,"2	",7524,111029,480813,41.9243531
DEN,"3	",7385,117784,481308,42.42590674
DEN,"4	",6977,130449,479778,43.89430352
DEN,"5	",6242,127760,480366,43.48706168
DEN,"6	",5888,102626,446607,41.09704169
DEN,"7	",6094,113080,469145,43.68531128
DET,"1	",67,666,4139,0
DET,"2	",97,751,4203,0
DET,"3	",75,805,4185,0
DET,"4	",102,972,4124,0
DET,"5	",76,1103,4121,0
DET,"6	",36,356,2607,0
DET,"7	",47,583,3171,0
DFW,"1	",15029,199349,829070,44.07594721
DFW,"2	",17923,189451,828387,42.82858364
DFW,"3	",17184,205548,829112,43.30731994
DFW,"4	",16502,217947,825169,44.3490711
DFW,"5	",13635,222350,825555,43.5932089
DFW,"6	",12663,174251,766574,40.61143982
DFW,"7	",11367,200013,807113,43.84592501
DHN,"1	",86,436,1573,0
DHN,"2	",46,354,1531,0
DHN,"3	",41,372,1526,0
DHN,"4	",55,396,1555,0
DHN,"5	",48,441,1562,0
DHN,"6	",37,296,1303,0
DHN,"7	",59,383,1521,0
DLG,"1	",17,104,533,0
DLG,"2	",48,173,910,0
DLG,"3	",27,135,612,0
DLG,"4	",32,194,783,0
DLG,"5	",17,219,601,0
DLG,"6	",42,240,888,0
DLG,"7	",21,157,597,0
DLH,"1	",191,697,4974,0
DLH,"2	",139,697,5034,0
DLH,"3	",152,729,5012,0
DLH,"4	",165,783,4997,0
DLH,"5	",178,763,4976,0
DLH,"6	",148,636,4528,0
DLH,"7	",135,593,4271,0
DRO,"1	",66,423,2828,0
DRO,"2	",47,396,2782,0
DRO,"3	",59,392,2790,0
DRO,"4	",81,475,2802,0
DRO,"5	",65,488,2824,0
DRO,"6	",43,493,2716,0
DRO,"7	",71,537,2893,0
DSM,"1	",806,6018,32964,0
DSM,"2	",798,5831,32946,0
DSM,"3	",759,6123,33068,0
DSM,"4	",759,6519,32990,0
DSM,"5	",816,6321,32809,0
DSM,"6	",628,4526,28822,0
DSM,"7	",619,4934,30442,0
DTW,"1	",10024,109327,440889,43.14414555
DTW,"2	",11177,109193,441498,43.06110282
DTW,"3	",10652,113773,441542,43.72450406
DTW,"4	",10465,124012,439881,44.55343031
DTW,"5	",10222,123007,439138,44.38031169
DTW,"6	",7415,83505,373492,40.84199749
DTW,"7	",7468,101103,402718,44.25302909
DUT,"1	",150,253,880,0
DUT,"2	",181,244,907,0
DUT,"3	",208,261,926,0
DUT,"4	",168,283,909,0
DUT,"5	",198,269,897,0
DUT,"6	",190,264,916,0
DUT,"7	",187,221,901,0
EAU,"1	",7,19,315,0
EAU,"2	",5,29,317,0
EAU,"3	",3,23,311,0
EAU,"4	",5,32,315,0
EAU,"5	",8,21,314,0
EAU,"6	",7,40,292,0
EAU,"7	",10,18,303,0
EFD,"1	",13,42,574,0
EFD,"2	",24,57,540,0
EFD,"3	",15,51,548,0
EFD,"4	",41,64,584,0
EFD,"5	",32,41,577,0
EFD,"6	",21,14,377,0
EFD,"7	",13,46,433,0
EGE,"1	",72,757,3047,0
EGE,"2	",68,629,2932,0
EGE,"3	",96,727,3018,0
EGE,"4	",78,738,3076,0
EGE,"5	",64,781,3130,0
EGE,"6	",123,1618,4927,0
EGE,"7	",89,1080,3788,0
EKO,"1	",67,213,1942,0
EKO,"2	",65,191,1945,0
EKO,"3	",47,250,1944,0
EKO,"4	",46,263,1931,0
EKO,"5	",55,260,1931,0
EKO,"6	",41,157,1298,0
EKO,"7	",49,259,1817,0
ELM,"1	",88,422,3630,0
ELM,"2	",89,442,3629,0
ELM,"3	",74,444,3627,0
ELM,"4	",91,467,3603,0
ELM,"5	",92,503,3592,0
ELM,"6	",60,327,2764,0
ELM,"7	",67,382,3283,0
ELP,"1	",592,11229,76163,38.34357467
ELP,"2	",704,9739,76320,0
ELP,"3	",719,10851,76286,38.75154364
ELP,"4	",650,13647,75899,39.4370924
ELP,"5	",485,15771,75755,38.49121806
ELP,"6	",372,9197,63179,36.37555725
ELP,"7	",427,12723,70072,37.21119233
ERI,"1	",113,619,4211,0
ERI,"2	",116,664,4201,0
ERI,"3	",106,711,4205,0
ERI,"4	",123,690,4221,0
ERI,"5	",139,732,4206,0
ERI,"6	",116,515,3867,0
ERI,"7	",120,613,4170,0
EUG,"1	",211,2059,10626,0
EUG,"2	",208,1960,10601,0
EUG,"3	",191,2052,10618,0
EUG,"4	",221,2116,10655,0
EUG,"5	",239,2143,10630,0
EUG,"6	",171,1716,9610,0
EUG,"7	",182,1932,10329,0
EVV,"1	",277,1412,7213,0
EVV,"2	",266,1308,7198,0
EVV,"3	",249,1351,7232,0
EVV,"4	",287,1443,7199,0
EVV,"5	",255,1470,7197,0
EVV,"6	",190,859,6156,0
EVV,"7	",217,1138,6527,0
EWN,"1	",3,55,204,0
EWN,"2	",4,45,188,0
EWN,"3	",2,57,207,0
EWN,"4	",4,58,205,0
EWN,"5	",1,56,206,0
EWN,"6	",6,45,177,0
EWN,"7	",1,69,205,0
EWR,"1	",12518,111533,404875,48.06837438
EWR,"2	",13231,113735,402721,47.24543896
EWR,"3	",12771,125782,403820,50.41016203
EWR,"4	",12705,135848,404782,50.0719775
EWR,"5	",14280,136456,404270,53.10149792
EWR,"6	",7084,75519,322999,41.15034627
EWR,"7	",8402,95227,363372,47.8806851
EYW,"1	",66,548,2498,0
EYW,"2	",44,467,2406,0
EYW,"3	",58,436,2446,0
EYW,"4	",50,489,2490,0
EYW,"5	",44,574,2498,0
EYW,"6	",69,561,2463,0
EYW,"7	",53,573,2396,0
FAI,"1	",317,2145,14457,0
FAI,"2	",303,2403,14510,0
FAI,"3	",341,2706,14502,0
FAI,"4	",302,2745,14422,0
FAI,"5	",346,3019,14614,0
FAI,"6	",352,2527,13761,0
FAI,"7	",281,2238,13534,0
FAR,"1	",230,1439,9694,0
FAR,"2	",225,1457,9669,0
FAR,"3	",231,1478,9703,0
FAR,"4	",237,1565,9707,0
FAR,"5	",233,1410,9682,0
FAR,"6	",181,1075,8524,0
FAR,"7	",196,1190,8855,0
FAT,"1	",333,3329,20024,0
FAT,"2	",313,3109,19855,0
FAT,"3	",289,3169,19905,0
FAT,"4	",338,3471,19962,0
FAT,"5	",323,3690,19961,0
FAT,"6	",295,2842,17842,0
FAT,"7	",316,3248,19449,0
FAY,"1	",152,1016,6506,0
FAY,"2	",143,920,6443,0
FAY,"3	",142,981,6478,0
FAY,"4	",148,1005,6476,0
FAY,"5	",149,1061,6488,0
FAY,"6	",138,789,5958,0
FAY,"7	",117,860,6215,0
FCA,"1	",74,663,4784,0
FCA,"2	",76,653,4708,0
FCA,"3	",59,659,4738,0
FCA,"4	",65,691,4783,0
FCA,"5	",64,686,4790,0
FCA,"6	",55,861,4786,0
FCA,"7	",79,715,4779,0
FLG,"1	",118,284,2580,0
FLG,"2	",119,281,2551,0
FLG,"3	",98,277,2570,0
FLG,"4	",134,334,2573,0
FLG,"5	",141,373,2586,0
FLG,"6	",88,300,2265,0
FLG,"7	",110,298,2336,0
FLL,"1	",1563,33496,145527,44.1800812
FLL,"2	",1898,30910,143921,43.16256875
FLL,"3	",1766,31437,143863,44.88093648
FLL,"4	",1474,36389,145240,46.02225947
FLL,"5	",1681,39017,145791,47.47125612
FLL,"6	",1617,32623,144395,42.33893265
FLL,"7	",1333,34275,144479,44.71148067
FLO,"1	",37,194,769,0
FLO,"2	",31,138,716,0
FLO,"3	",25,147,753,0
FLO,"4	",18,195,768,0
FLO,"5	",22,185,766,0
FLO,"6	",21,116,544,0
FLO,"7	",28,167,746,0
FMN,"2	",0,2,2,149.5
FMN,"4	",0,1,1,193
FNT,"1	",164,1790,8179,0
FNT,"2	",160,1636,7962,0
FNT,"3	",162,1665,8062,0
FNT,"4	",163,1750,8085,0
FNT,"5	",198,1773,8186,0
FNT,"6	",149,1496,7827,0
FNT,"7	",154,1586,7706,0
FOE,"1	",0,0,7,0
FOE,"2	",0,0,8,0
FOE,"3	",0,0,8,0
FOE,"4	",0,0,10,0
FOE,"5	",0,0,9,0
FOE,"6	",0,0,8,0
FOE,"7	",0,1,7,15
FSD,"1	",336,2454,15094,0
FSD,"2	",340,2458,15023,0
FSD,"3	",305,2685,15081,0
FSD,"4	",292,2769,15004,0
FSD,"5	",317,2505,15025,0
FSD,"6	",258,1916,13538,0
FSD,"7	",235,2046,14082,0
FSM,"1	",98,453,2845,0
FSM,"2	",106,400,2831,0
FSM,"3	",98,436,2838,0
FSM,"4	",91,437,2827,0
FSM,"5	",82,423,2829,0
FSM,"6	",55,309,2340,0
FSM,"7	",67,393,2764,0
FWA,"1	",398,2250,11591,0
FWA,"2	",413,2159,11591,0
FWA,"3	",405,2209,11621,0
FWA,"4	",424,2306,11595,0
FWA,"5	",441,2357,11561,0
FWA,"6	",331,1714,10510,0
FWA,"7	",317,1804,10755,0
GCC,"1	",1,56,153,32.33928571
GCC,"2	",3,39,154,0
GCC,"3	",3,35,152,0
GCC,"4	",4,50,148,0
GCC,"5	",2,44,147,0
GCC,"6	",0,42,141,0
GCC,"7	",3,45,151,0
GCN,"1	",23,85,876,0
GCN,"2	",28,71,849,0
GCN,"3	",29,91,868,0
GCN,"4	",32,115,874,0
GCN,"5	",31,108,873,0
GCN,"6	",24,103,861,0
GCN,"7	",25,93,850,0
GEG,"1	",508,6254,38574,41.73089223
GEG,"2	",503,5971,38607,40.43778262
GEG,"3	",500,6309,38626,41.61087336
GEG,"4	",484,7259,38498,0
GEG,"5	",421,8004,38480,41.59307846
GEG,"6	",419,5518,34694,0
GEG,"7	",374,6246,35698,0
GFK,"1	",97,373,3561,0
GFK,"2	",93,363,3588,0
GFK,"3	",90,427,3594,0
GFK,"4	",95,428,3572,0
GFK,"5	",95,433,3568,0
GFK,"6	",86,360,3480,0
GFK,"7	",71,319,2816,0
GGG,"1	",40,142,1415,0
GGG,"2	",47,136,1415,0
GGG,"3	",51,146,1414,0
GGG,"4	",40,157,1401,0
GGG,"5	",25,151,1406,0
GGG,"6	",27,132,1329,0
GGG,"7	",34,109,1402,0
GJT,"1	",111,767,5081,0
GJT,"2	",81,715,5062,0
GJT,"3	",97,711,5078,0
GJT,"4	",122,856,5078,0
GJT,"5	",106,870,5094,0
GJT,"6	",88,707,4492,0
GJT,"7	",114,822,5036,0
GLH,"1	",0,0,1,0
GLH,"4	",0,0,1,0
GNV,"1	",141,1000,5231,0
GNV,"2	",96,929,5169,0
GNV,"3	",81,981,5195,0
GNV,"4	",94,1116,5220,0
GNV,"5	",112,1139,5224,0
GNV,"6	",118,780,4687,0
GNV,"7	",121,957,5041,0
GPT,"1	",196,1536,7117,0
GPT,"2	",156,1376,6913,0
GPT,"3	",162,1387,7023,0
GPT,"4	",176,1656,7087,0
GPT,"5	",138,1551,7111,0
GPT,"6	",124,1099,6567,0
GPT,"7	",143,1407,7177,0
GRB,"1	",361,2266,12976,0
GRB,"2	",383,2111,12985,0
GRB,"3	",374,2182,13027,0
GRB,"4	",428,2261,12944,0
GRB,"5	",451,2163,12903,0
GRB,"6	",273,1506,10727,0
GRB,"7	",369,1821,11566,0
GRK,"1	",140,709,3294,0
GRK,"2	",147,621,3230,61.71819646
GRK,"3	",116,590,3259,0
GRK,"4	",114,619,3260,0
GRK,"5	",91,669,3262,0
GRK,"6	",65,481,2498,0
GRK,"7	",111,637,3149,0
GRR,"1	",865,6613,35780,0
GRR,"2	",839,6528,35421,47.28936887
GRR,"3	",837,6730,35695,0
GRR,"4	",864,7258,35772,0
GRR,"5	",974,7116,35700,48.37464868
GRR,"6	",824,4797,30894,0
GRR,"7	",691,5553,33042,0
GSO,"1	",1347,11615,57614,44.46965131
GSO,"2	",1375,11503,57501,0
GSO,"3	",1378,12433,57578,43.25729912
GSO,"4	",1402,13404,57535,44.53506416
GSO,"5	",1562,13518,57410,0
GSO,"6	",1101,7884,47170,41.56265855
GSO,"7	",1102,9848,51590,0
GSP,"1	",876,5354,29700,0
GSP,"2	",879,5048,29565,0
GSP,"3	",777,5374,29697,0
GSP,"4	",946,5920,29634,0
GSP,"5	",939,5912,29533,0
GSP,"6	",710,3565,24818,0
GSP,"7	",801,4407,27200,0
GST,"1	",8,60,275,0
GST,"2	",8,46,269,0
GST,"3	",9,54,271,0
GST,"4	",6,67,266,0
GST,"5	",1,89,270,0
GST,"6	",4,77,264,0
GST,"7	",10,69,274,0
GTF,"1	",180,1026,8763,0
GTF,"2	",149,1084,8722,0
GTF,"3	",142,1092,8753,0
GTF,"4	",151,1122,8732,0
GTF,"5	",161,1057,8743,0
GTF,"6	",163,1032,8641,0
GTF,"7	",171,1000,8713,0
GTR,"1	",51,287,1106,0
GTR,"2	",44,264,1076,0
GTR,"3	",29,309,1105,0
GTR,"4	",44,321,1105,0
GTR,"5	",42,299,1105,0
GTR,"6	",31,194,968,0
GTR,"7	",37,285,1055,0
GUC,"1	",30,238,975,0
GUC,"2	",27,187,968,0
GUC,"3	",35,232,1036,0
GUC,"4	",37,235,994,0
GUC,"5	",31,223,1023,0
GUC,"6	",46,409,1400,0
GUC,"7	",24,303,1219,0
GUM,"1	",74,271,2040,0
GUM,"2	",68,200,2172,0
GUM,"3	",65,243,2023,0
GUM,"4	",80,240,2095,0
GUM,"5	",60,400,2231,0
GUM,"6	",30,260,2017,0
GUM,"7	",62,382,2218,0
HDN,"1	",61,556,2409,0
HDN,"2	",68,520,2411,0
HDN,"3	",76,526,2494,0
HDN,"4	",70,617,2437,0
HDN,"5	",63,587,2448,0
HDN,"6	",85,1103,3695,0
HDN,"7	",58,812,3095,0
HHH,"1	",18,86,270,0
HHH,"2	",15,47,243,0
HHH,"3	",8,56,261,0
HHH,"4	",13,67,273,0
HHH,"5	",21,96,271,0
HHH,"6	",9,88,243,0
HHH,"7	",12,99,272,71.94949495
HKY,"1	",3,23,95,0
HKY,"2	",6,21,93,0
HKY,"3	",5,16,93,0
HKY,"4	",4,17,92,45.23529412
HKY,"5	",6,21,93,0
HKY,"6	",2,11,86,0
HKY,"7	",2,22,96,34.95454545
HLN,"1	",85,532,3833,0
HLN,"2	",56,538,3783,0
HLN,"3	",57,568,3821,0
HLN,"4	",67,605,3831,0
HLN,"5	",48,565,3825,0
HLN,"6	",64,511,3736,0
HLN,"7	",67,538,3756,0
HNL,"1	",474,10139,72159,40.12032745
HNL,"2	",605,9978,71557,40.49528964
HNL,"3	",629,10258,72096,40.14437512
HNL,"4	",576,11505,71706,42.99713168
HNL,"5	",570,13203,74829,39.83094751
HNL,"6	",563,12197,75266,41.77043535
HNL,"7	",581,11167,73172,44.67592012
HOU,"1	",4039,32003,182208,39.49551605
HOU,"2	",3975,31250,183164,37.727136
HOU,"3	",3755,35817,182963,37.96526789
HOU,"4	",3319,44726,181035,40.83135089
HOU,"5	",2828,49516,181054,39.68921157
HOU,"6	",1736,22276,134754,34.60176872
HOU,"7	",2103,36627,160773,38.43869277
HPN,"1	",1128,4654,19583,0
HPN,"2	",1155,4256,19419,0
HPN,"3	",1140,4433,19484,0
HPN,"4	",1196,4776,19577,0
HPN,"5	",1265,5331,19524,0
HPN,"6	",729,2468,13119,0
HPN,"7	",716,3097,14794,0
HRL,"1	",265,1952,17131,0
HRL,"2	",271,1880,17033,0
HRL,"3	",302,2230,17086,0
HRL,"4	",251,2836,16993,0
HRL,"5	",248,3312,17197,0
HRL,"6	",137,1714,14180,0
HRL,"7	",107,2506,16398,0
HSV,"1	",539,3977,23547,0
HSV,"2	",539,3629,23473,0
HSV,"3	",528,3818,23567,0
HSV,"4	",563,4214,23438,0
HSV,"5	",515,4277,23388,0
HSV,"6	",523,2577,19441,0
HSV,"7	",542,3266,21889,0
HTS,"1	",80,376,2672,0
HTS,"2	",75,412,2627,0
HTS,"3	",74,401,2662,0
HTS,"4	",72,446,2656,0
HTS,"5	",88,436,2652,0
HTS,"6	",67,279,2063,0
HTS,"7	",74,341,2418,0
HVN,"1	",29,198,1088,0
HVN,"2	",46,219,1094,0
HVN,"3	",67,206,1090,0
HVN,"4	",59,251,1085,0
HVN,"5	",66,229,1086,0
HVN,"6	",56,168,925,0
HVN,"7	",31,181,997,0
IAD,"1	",4850,45870,195699,48.53708306
IAD,"2	",5035,44732,194686,48.72920951
IAD,"3	",5057,47870,195331,49.93511594
IAD,"4	",5142,52311,194882,49.97728967
IAD,"5	",4992,53890,194960,50.23445908
IAD,"6	",3982,38736,176153,43.84825485
IAD,"7	",4306,43151,185246,47.98134458
IAH,"1	",5145,93002,429796,44.8470678
IAH,"2	",5060,85300,416130,42.87608441
IAH,"3	",4718,89024,421886,42.88540169
IAH,"4	",4939,103044,430868,44.58566244
IAH,"5	",4898,98506,430939,41.75950704
IAH,"6	",3790,66431,353807,37.81958724
IAH,"7	",3882,86206,401092,41.16614853
ICT,"1	",716,5438,30893,0
ICT,"2	",784,5123,30856,0
ICT,"3	",768,5511,30892,0
ICT,"4	",818,5876,30904,0
ICT,"5	",739,5654,30821,0
ICT,"6	",581,4094,27241,0
ICT,"7	",534,4666,28599,0
IDA,"1	",82,680,5149,0
IDA,"2	",73,604,5056,0
IDA,"3	",84,653,5116,0
IDA,"4	",79,688,5145,0
IDA,"5	",82,675,5129,0
IDA,"6	",82,582,4922,0
IDA,"7	",74,682,5093,0
ILE,"1	",57,244,2044,0
ILE,"2	",92,215,1983,0
ILE,"3	",86,211,2016,0
ILE,"4	",80,240,2052,0
ILE,"5	",70,222,2049,0
ILE,"6	",51,187,1718,0
ILE,"7	",64,230,1965,0
ILG,"1	",2,37,117,0
ILG,"2	",4,28,118,0
ILG,"3	",5,39,118,0
ILG,"4	",8,41,122,0
ILG,"5	",11,45,123,0
ILG,"6	",6,32,113,0
ILG,"7	",3,36,83,0
ILM,"1	",158,1409,8453,0
ILM,"2	",181,1254,8380,0
ILM,"3	",159,1337,8457,0
ILM,"4	",178,1444,8462,0
ILM,"5	",152,1469,8369,0
ILM,"6	",161,1055,7882,0
ILM,"7	",164,1205,7878,0
IND,"1	",1845,22612,121811,44.29108438
IND,"2	",2257,22772,121140,44.00101001
IND,"3	",1931,24486,121362,43.39933023
IND,"4	",1883,27236,121113,43.75862829
IND,"5	",1873,27508,121001,44.52842809
IND,"6	",1506,17529,104793,40.6672942
IND,"7	",1470,20786,113624,42.68733763
INL,"1	",4,9,43,0
INL,"2	",4,7,39,0
INL,"3	",3,6,39,0
INL,"4	",3,5,41,0
INL,"5	",3,3,42,0
INL,"6	",2,7,43,0
INL,"7	",4,5,43,0
IPL,"1	",10,131,867,0
IPL,"2	",11,134,867,0
IPL,"3	",9,147,863,0
IPL,"4	",5,173,863,0
IPL,"5	",7,194,859,0
IPL,"6	",11,80,645,0
IPL,"7	",5,138,695,0
ISO,"1	",24,121,851,0
ISO,"2	",20,127,853,0
ISO,"3	",29,124,862,0
ISO,"4	",22,152,866,0
ISO,"5	",34,139,859,0
ISO,"6	",22,137,848,0
ISO,"7	",12,112,806,0
ISP,"1	",399,4013,23193,0
ISP,"2	",454,3629,23179,0
ISP,"3	",472,3848,23222,0
ISP,"4	",477,4360,23121,0
ISP,"5	",571,4793,23130,0
ISP,"6	",354,3302,20695,0
ISP,"7	",438,3792,22065,0
ITH,"1	",81,277,2721,0
ITH,"2	",98,325,2726,0
ITH,"3	",87,314,2722,0
ITH,"4	",84,342,2716,0
ITH,"5	",88,384,2706,0
ITH,"6	",66,278,2306,0
ITH,"7	",66,277,2500,0
ITO,"1	",18,282,5124,0
ITO,"2	",34,231,5126,0
ITO,"3	",33,266,5145,0
ITO,"4	",27,337,5117,0
ITO,"5	",13,577,5148,0
ITO,"6	",38,332,5101,0
ITO,"7	",14,392,4755,0
IYK,"1	",34,70,931,0
IYK,"2	",29,62,916,0
IYK,"3	",30,66,934,0
IYK,"4	",25,73,929,0
IYK,"5	",33,81,922,0
IYK,"6	",31,34,689,0
IYK,"7	",30,58,790,0
JAC,"1	",151,1331,6325,0
JAC,"2	",138,1093,6203,0
JAC,"3	",143,1148,6238,0
JAC,"4	",130,1339,6264,0
JAC,"5	",158,1294,6309,0
JAC,"6	",146,1656,7111,0
JAC,"7	",155,1550,6886,0
JAN,"1	",428,5073,27726,0
JAN,"2	",429,4767,27584,0
JAN,"3	",377,5098,27720,0
JAN,"4	",459,5788,27677,0
JAN,"5	",374,5942,27637,0
JAN,"6	",363,3804,25269,0
JAN,"7	",350,4562,26431,0
JAX,"1	",853,13963,75872,43.64799828
JAX,"2	",923,13326,75636,42.90574816
JAX,"3	",985,14126,75820,43.67145689
JAX,"4	",865,16134,75771,44.55826206
JAX,"5	",915,17738,75692,44.8839779
JAX,"6	",1015,11476,68942,40.61458696
JAX,"7	",887,13554,72610,43.68201269
JFK,"1	",4034,56404,191556,46.13692291
JFK,"2	",3832,54210,189829,46.08690279
JFK,"3	",3936,57839,189976,48.22521136
JFK,"4	",3760,62912,190866,49.34494214
JFK,"5	",4807,69749,191429,52.18302771
JFK,"6	",3645,58016,184112,45.34799021
JFK,"7	",3935,61610,189890,48.78620354
JNU,"1	",373,2933,12847,0
JNU,"2	",392,3035,12691,0
JNU,"3	",396,3329,12841,0
JNU,"4	",368,3487,12688,0
JNU,"5	",353,3930,13004,0
JNU,"6	",338,3387,12625,0
JNU,"7	",351,3100,12442,0
KOA,"1	",70,1194,10970,0
KOA,"2	",90,1021,10754,0
KOA,"3	",91,1003,10766,0
KOA,"4	",88,1179,10980,0
KOA,"5	",61,1654,11321,0
KOA,"6	",72,1655,11680,0
KOA,"7	",57,1480,10950,0
KSM,"1	",4,10,51,0
KSM,"2	",6,18,97,0
KSM,"3	",12,12,66,0
KSM,"4	",7,13,83,0
KSM,"6	",15,40,170,0
KTN,"1	",149,1482,7389,0
KTN,"2	",171,1571,7405,0
KTN,"3	",174,1676,7388,0
KTN,"4	",152,1789,7300,0
KTN,"5	",146,1841,7366,0
KTN,"6	",159,1637,7402,0
KTN,"7	",170,1498,7414,0
LAN,"1	",299,1462,10049,0
LAN,"2	",321,1384,9991,0
LAN,"3	",307,1427,10076,0
LAN,"4	",350,1575,10071,0
LAN,"5	",328,1536,10028,0
LAN,"6	",245,1159,8775,0
LAN,"7	",227,1265,8907,0
LAS,"1	",3318,87495,381900,38.54353963
LAS,"2	",4789,72482,377757,36.92200822
LAS,"3	",4712,80858,379182,37.93670385
LAS,"4	",3890,105786,381550,39.62070595
LAS,"5	",2811,115871,383087,40.36560485
LAS,"6	",2780,71682,351011,36.09776513
LAS,"7	",2265,104406,376450,40.67269122
LAW,"1	",84,291,2626,0
LAW,"2	",86,292,2608,0
LAW,"3	",95,311,2624,0
LAW,"4	",90,270,2622,0
LAW,"5	",64,324,2690,0
LAW,"6	",39,216,2237,0
LAW,"7	",61,279,2612,0
LAX,"1	",10551,127218,598371,37.44183999
LAX,"2	",12722,113496,596706,36.39971453
LAX,"3	",12538,126720,596550,37.5909959
LAX,"4	",11334,147062,596484,38.15508425
LAX,"5	",9032,167314,596300,39.65241402
LAX,"6	",7379,113172,530210,36.18615912
LAX,"7	",6922,140919,574391,38.22996189
LBB,"1	",355,3135,25715,0
LBB,"2	",472,2743,25726,0
LBB,"3	",448,3196,25735,0
LBB,"4	",363,4231,25703,0
LBB,"5	",237,5315,25945,0
LBB,"6	",229,2560,20812,0
LBB,"7	",235,4059,23720,0
LCH,"1	",47,246,1227,0
LCH,"2	",40,234,1201,0
LCH,"3	",34,216,1211,0
LCH,"4	",40,237,1229,0
LCH,"5	",28,227,1228,0
LCH,"6	",23,129,832,0
LCH,"7	",24,207,1097,0
LEX,"1	",406,3581,19198,0
LEX,"2	",404,3421,19020,0
LEX,"3	",363,3659,19155,0
LEX,"4	",427,3841,19202,0
LEX,"5	",406,4036,19162,0
LEX,"6	",363,2607,16815,0
LEX,"7	",339,3239,18146,0
LFT,"1	",188,1185,5880,0
LFT,"2	",154,1034,5682,0
LFT,"3	",125,1086,5794,0
LFT,"4	",170,1188,5935,0
LFT,"5	",132,1130,5883,0
LFT,"6	",89,677,4100,0
LFT,"7	",87,944,4858,0
LGA,"1	",12944,86489,345699,44.86882725
LGA,"2	",13634,85147,346393,44.03776997
LGA,"3	",13389,93421,346628,45.41606277
LGA,"4	",12775,101507,344993,46.48693194
LGA,"5	",14422,103904,343980,48.96943332
LGA,"6	",7796,47109,262994,40.05705916
LGA,"7	",8406,65773,306085,44.70036337
LGB,"1	",248,3784,22929,0
LGB,"2	",264,3283,22813,0
LGB,"3	",258,3647,22886,0
LGB,"4	",234,3964,22887,0
LGB,"5	",204,4433,22878,0
LGB,"6	",200,3141,20262,0
LGB,"7	",186,3614,21492,0
LIH,"1	",89,637,10278,0
LIH,"2	",125,530,10144,0
LIH,"3	",147,529,10269,0
LIH,"4	",115,693,10245,0
LIH,"5	",101,1191,11055,0
LIH,"6	",84,1135,11441,0
LIH,"7	",107,872,10728,0
LIT,"1	",718,7995,48653,45.20337711
LIT,"2	",798,7644,48568,44.32783883
LIT,"3	",766,8241,48705,44.35020022
LIT,"4	",779,9755,48465,45.65269093
LIT,"5	",694,10733,48680,43.89592844
LIT,"6	",584,6353,42258,41.27908075
LIT,"7	",509,8057,44804,42.55293534
LMT,"1	",5,35,82,0
LMT,"2	",2,22,85,0
LMT,"3	",2,26,82,0
LMT,"4	",2,22,82,53.63636364
LMT,"5	",0,24,82,0
LMT,"6	",3,26,80,0
LMT,"7	",4,22,76,0
LNK,"1	",209,1850,9357,0
LNK,"2	",253,1790,9364,0
LNK,"3	",208,1864,9316,0
LNK,"4	",203,2021,9284,0
LNK,"5	",200,1858,9270,0
LNK,"6	",163,1425,8426,0
LNK,"7	",174,1550,8914,0
LNY,"1	",3,0,41,0
LNY,"2	",1,0,41,0
LNY,"3	",3,1,42,0
LNY,"4	",1,1,41,0
LNY,"5	",1,0,41,0
LNY,"6	",2,1,41,0
LNY,"7	",2,1,42,0
LRD,"1	",68,461,2743,0
LRD,"2	",63,423,2649,0
LRD,"3	",53,429,2685,0
LRD,"4	",63,475,2739,0
LRD,"5	",47,410,2757,0
LRD,"6	",26,285,1969,0
LRD,"7	",33,419,2454,0
LSE,"1	",140,685,4354,0
LSE,"2	",163,617,4396,0
LSE,"3	",128,638,4395,0
LSE,"4	",165,707,4364,0
LSE,"5	",147,746,4357,0
LSE,"6	",105,519,3873,0
LSE,"7	",109,537,3659,0
LWB,"1	",1,56,157,0
LWB,"2	",1,48,157,0
LWB,"3	",8,73,336,0
LWB,"4	",1,57,175,0
LWB,"5	",2,55,202,0
LWB,"6	",9,40,309,0
LWB,"7	",5,65,341,0
LWS,"1	",0,39,405,0
LWS,"2	",2,37,376,0
LWS,"3	",0,43,388,0
LWS,"4	",1,43,404,0
LWS,"5	",3,49,403,0
LWS,"6	",4,34,371,0
LWS,"7	",3,58,405,0
LYH,"1	",48,256,1392,0
LYH,"2	",47,241,1344,0
LYH,"3	",17,266,1382,0
LYH,"4	",47,303,1393,0
LYH,"5	",45,302,1387,0
LYH,"6	",27,143,1189,0
LYH,"7	",32,261,1374,0
MAF,"1	",349,2652,23829,0
MAF,"2	",322,2419,23827,0
MAF,"3	",390,2864,23851,0
MAF,"4	",318,3509,23900,0
MAF,"5	",215,4184,23594,0
MAF,"6	",142,1763,17820,0
MAF,"7	",149,3161,20467,0
MAZ,"1	",4,5,22,0
MAZ,"2	",0,3,21,0
MAZ,"3	",1,5,20,69.6
MAZ,"4	",0,6,22,0
MAZ,"5	",0,6,21,20.5
MAZ,"6	",1,5,21,17
MAZ,"7	",3,4,22,0
MBS,"1	",353,1658,11150,0
MBS,"2	",359,1651,11239,0
MBS,"3	",333,1716,11255,0
MBS,"4	",392,1789,11208,0
MBS,"5	",395,1685,11146,0
MBS,"6	",298,1170,9623,0
MBS,"7	",269,1393,9657,0
MCI,"1	",2049,32047,174295,42.33366618
MCI,"2	",2524,31063,174147,40.93799697
MCI,"3	",2473,33613,174306,41.63963348
MCI,"4	",2348,38754,173810,42.0442535
MCI,"5	",1975,40298,173529,42.22378282
MCI,"6	",1836,23774,145206,38.30735257
MCI,"7	",1687,30414,159159,40.93407641
MCN,"1	",57,281,1041,0
MCN,"2	",48,243,1043,0
MCN,"3	",52,232,1045,0
MCN,"4	",49,265,1045,0
MCN,"5	",41,221,1043,0
MCN,"6	",36,196,812,0
MCN,"7	",51,248,1174,0
MCO,"1	",2844,56211,280620,43.64019498
MCO,"2	",3351,53448,277591,42.97283341
MCO,"3	",3278,55280,278555,43.69196816
MCO,"4	",2748,61853,279812,45.06011026
MCO,"5	",2927,67423,280932,45.63494653
MCO,"6	",3254,57945,287059,42.34531021
MCO,"7	",2569,57583,282924,43.69619506
MDT,"1	",693,4300,24462,0
MDT,"2	",675,4303,24426,0
MDT,"3	",603,4599,24413,0
MDT,"4	",642,4850,24432,0
MDT,"5	",752,4872,24338,50.78920361
MDT,"6	",578,3267,22432,0
MDT,"7	",585,3589,22790,0
MDW,"1	",3017,39987,175178,41.79975992
MDW,"2	",3324,38749,176261,42.51637462
MDW,"3	",3239,41918,175981,43.5443962
MDW,"4	",2743,49438,174810,44.69145192
MDW,"5	",2432,53303,174918,42.83967131
MDW,"6	",1710,25898,137283,35.62124488
MDW,"7	",1370,39631,155913,40.32073377
MEI,"1	",56,282,927,0
MEI,"2	",42,239,912,0
MEI,"3	",25,273,931,0
MEI,"4	",46,299,925,0
MEI,"5	",30,289,924,0
MEI,"6	",31,164,749,0
MEI,"7	",39,266,901,0
MEM,"1	",2840,33316,176168,41.94468123
MEM,"2	",3149,34049,175972,40.52136627
MEM,"3	",3145,36041,176228,41.12757693
MEM,"4	",3026,39929,175627,42.02789952
MEM,"5	",2870,39836,175503,0
MEM,"6	",2431,27700,158706,38.85790614
MEM,"7	",2390,31955,168601,42.20541386
MFE,"1	",98,1470,10113,0
MFE,"2	",118,1406,9906,0
MFE,"3	",122,1473,10006,0
MFE,"4	",122,1533,10120,0
MFE,"5	",111,1545,10102,0
MFE,"6	",85,1223,9157,0
MFE,"7	",90,1399,9300,0
MFR,"1	",155,1713,8097,0
MFR,"2	",159,1723,8072,0
MFR,"3	",147,1794,8084,0
MFR,"4	",147,1780,8148,0
MFR,"5	",179,1887,8144,0
MFR,"6	",151,1594,7267,0
MFR,"7	",146,1670,7606,0
MGM,"1	",161,1601,7717,0
MGM,"2	",152,1510,7704,0
MGM,"3	",135,1728,7730,0
MGM,"4	",172,1918,7666,0
MGM,"5	",143,1904,7642,0
MGM,"6	",137,1250,7108,0
MGM,"7	",151,1513,7541,0
MHT,"1	",649,7357,35245,0
MHT,"2	",686,6948,35060,0
MHT,"3	",651,7252,35155,0
MHT,"4	",694,7919,35152,0
MHT,"5	",754,8796,35218,0
MHT,"6	",588,5630,31425,0
MHT,"7	",599,6319,32982,0
MIA,"1	",2762,50284,205619,44.70356376
MIA,"2	",4180,45504,204455,43.91011779
MIA,"3	",3618,47077,204464,45.17779383
MIA,"4	",2904,51716,204905,46.28521154
MIA,"5	",2826,55537,205412,46.47053316
MIA,"6	",2785,52820,213076,42.9085195
MIA,"7	",2070,53587,210271,44.29809469
MIB,"1	",0,0,12,0
MIB,"2	",0,2,14,50
MIB,"3	",0,2,15,0
MIB,"4	",0,1,12,43
MIB,"5	",1,1,12,23
MIB,"6	",0,1,12,50
MIB,"7	",0,1,12,0
MKC,"4	",0,1,1,25
MKE,"1	",1488,12486,66422,46.15281115
MKE,"2	",1592,12152,66042,0
MKE,"3	",1580,12981,66274,45.11886603
MKE,"4	",1592,14269,66187,45.95311514
MKE,"5	",1752,13799,66062,46.86883107
MKE,"6	",1315,8432,55462,0
MKE,"7	",1116,10372,60260,46.40551485
MKG,"1	",0,13,66,0
MKG,"2	",0,9,64,0
MKG,"3	",0,14,66,0
MKG,"4	",0,15,66,0
MKG,"5	",1,12,66,0
MKG,"6	",3,5,22,0
MKG,"7	",1,11,46,0
MKK,"1	",3,0,41,0
MKK,"2	",4,0,41,0
MKK,"3	",5,1,41,0
MKK,"4	",2,1,42,0
MKK,"5	",2,0,41,0
MKK,"6	",3,1,41,0
MKK,"7	",3,1,42,0
MLB,"1	",123,1558,9586,0
MLB,"2	",119,1601,9587,0
MLB,"3	",115,1597,9578,0
MLB,"4	",125,1752,9558,0
MLB,"5	",119,1750,9557,0
MLB,"6	",151,1360,9695,0
MLB,"7	",118,1318,9345,0
MLI,"1	",335,2250,11399,0
MLI,"2	",354,2076,11264,0
MLI,"3	",315,2122,11387,0
MLI,"4	",336,2316,11229,0
MLI,"5	",357,2229,11337,0
MLI,"6	",230,1605,10439,0
MLI,"7	",232,1801,9923,0
MLU,"1	",132,1304,7282,0
MLU,"2	",127,1206,7259,0
MLU,"3	",117,1337,7287,0
MLU,"4	",118,1472,7295,0
MLU,"5	",111,1391,7263,0
MLU,"6	",111,946,6774,0
MLU,"7	",92,1228,7155,0
MOB,"1	",355,3391,17439,0
MOB,"2	",338,3146,17302,0
MOB,"3	",335,3543,17414,0
MOB,"4	",342,3913,17434,0
MOB,"5	",311,3739,17362,0
MOB,"6	",345,2528,15825,0
MOB,"7	",267,2977,16846,0
MOD,"1	",83,477,1798,0
MOD,"2	",105,406,1810,0
MOD,"3	",81,425,1797,0
MOD,"4	",73,422,1801,0
MOD,"5	",87,514,1802,0
MOD,"6	",52,356,1403,0
MOD,"7	",62,436,1531,0
MOT,"1	",56,447,3982,0
MOT,"2	",44,438,3986,0
MOT,"3	",49,464,3983,0
MOT,"4	",57,470,3966,0
MOT,"5	",44,429,3989,0
MOT,"6	",52,399,3823,0
MOT,"7	",43,379,3911,0
MQT,"1	",43,201,909,0
MQT,"2	",49,167,911,0
MQT,"3	",43,167,910,0
MQT,"4	",38,157,907,0
MQT,"5	",47,177,904,0
MQT,"6	",11,68,374,0
MQT,"7	",28,117,848,0
MRY,"1	",210,1661,9955,0
MRY,"2	",239,1481,9639,0
MRY,"3	",224,1613,9841,0
MRY,"4	",206,1718,9968,0
MRY,"5	",252,2044,9966,0
MRY,"6	",164,1407,8800,0
MRY,"7	",182,1839,9757,0
MSN,"1	",627,4113,22240,0
MSN,"2	",713,3838,22069,0
MSN,"3	",665,3991,22174,0
MSN,"4	",716,4410,22137,0
MSN,"5	",712,4295,22094,0
MSN,"6	",507,2626,18402,0
MSN,"7	",518,3319,19856,0
MSO,"1	",151,1115,8096,0
MSO,"2	",118,1102,7985,0
MSO,"3	",111,1102,8009,0
MSO,"4	",94,1205,8053,0
MSO,"5	",116,1109,8092,0
MSO,"6	",122,1157,7926,0
MSO,"7	",155,1105,8052,0
MSP,"1	",8492,95291,404606,43.38499963
MSP,"2	",8717,96065,404584,41.26631968
MSP,"3	",8604,102582,404898,41.62588953
MSP,"4	",8725,107935,403423,42.7097605
MSP,"5	",8699,103237,403185,42.80794676
MSP,"6	",6399,74173,350643,40.07803379
MSP,"7	",6562,86529,383658,42.40811751
MSY,"1	",1885,23913,139810,43.44427717
MSY,"2	",2174,22418,139311,41.50950129
MSY,"3	",2142,24925,139696,41.67442327
MSY,"4	",1933,28873,139441,42.66605479
MSY,"5	",1520,30933,139441,42.48414315
MSY,"6	",1320,19552,124154,40.53104542
MSY,"7	",1114,24654,133524,41.27743977
MTH,"1	",0,6,16,0
MTH,"2	",1,1,16,0
MTH,"3	",0,7,16,0
MTH,"4	",0,7,16,73.71428571
MTH,"5	",1,5,16,0
MTH,"6	",0,9,32,0
MTH,"7	",0,6,16,0
MTJ,"1	",27,409,2240,0
MTJ,"2	",43,311,2213,0
MTJ,"3	",37,322,2224,0
MTJ,"4	",38,367,2273,0
MTJ,"5	",39,365,2291,0
MTJ,"6	",41,735,3067,0
MTJ,"7	",39,500,2449,0
MYR,"1	",221,1993,11380,0
MYR,"2	",189,1784,11182,0
MYR,"3	",201,2004,11192,0
MYR,"4	",190,2216,11286,0
MYR,"5	",209,2213,11465,0
MYR,"6	",242,2387,13752,0
MYR,"7	",206,2144,12623,0
OAJ,"1	",34,223,1682,0
OAJ,"2	",31,239,1667,0
OAJ,"3	",44,191,1657,0
OAJ,"4	",49,232,1666,0
OAJ,"5	",43,286,1687,0
OAJ,"6	",32,207,1394,0
OAJ,"7	",30,188,1685,0
OAK,"1	",1979,30513,171788,33.89568381
OAK,"2	",2804,24704,172046,32.99878562
OAK,"3	",2768,27418,172180,34.09760012
OAK,"4	",2108,36655,171128,35.07393261
OAK,"5	",1284,48187,171657,35.67356341
OAK,"6	",1424,22722,143980,32.44938826
OAK,"7	",990,37982,157974,34.71294297
OGD,"3	",0,0,1,0
OGD,"5	",0,2,2,126
OGD,"6	",0,2,2,206.5
OGD,"7	",0,1,1,77
OGG,"1	",212,2884,23203,0
OGG,"2	",263,2592,22836,0
OGG,"3	",256,2583,22591,0
OGG,"4	",234,2980,23106,0
OGG,"5	",235,3753,24214,0
OGG,"6	",264,3783,24807,0
OGG,"7	",285,3244,23763,0
OKC,"1	",951,11538,71677,44.58146993
OKC,"2	",967,10781,71507,43.85270383
OKC,"3	",1010,11881,71772,42.88856157
OKC,"4	",957,14082,71539,43.92856128
OKC,"5	",923,14935,71328,43.23321058
OKC,"6	",824,8697,60111,41.43118317
OKC,"7	",736,11265,65524,42.41393697
OMA,"1	",779,11153,59693,47.76947906
OMA,"2	",810,10763,59403,45.48434451
OMA,"3	",777,11333,59531,44.17974058
OMA,"4	",854,12613,59635,46.47332118
OMA,"5	",821,12166,59524,45.09140227
OMA,"6	",672,8490,52919,42.31978799
OMA,"7	",661,10098,56448,43.66211131
OME,"1	",86,684,2860,0
OME,"2	",140,661,3215,0
OME,"3	",128,730,3096,0
OME,"4	",129,779,3173,0
OME,"5	",132,915,3177,0
OME,"6	",93,738,2875,0
OME,"7	",94,586,3007,0
ONT,"1	",1427,17223,114303,38.2826453
ONT,"2	",1720,15869,114489,37.28016888
ONT,"3	",1728,17019,114638,37.52647042
ONT,"4	",1495,21210,113961,38.794248
ONT,"5	",1019,25713,114103,39.0941936
ONT,"6	",955,14220,98216,36.05147679
ONT,"7	",780,19531,104969,38.51758743
ORD,"1	",31304,273831,970198,49.43147781
ORD,"2	",32325,262170,970431,46.9868673
ORD,"3	",31863,280452,970570,48.79427852
ORD,"4	",33307,300106,965405,50.05402091
ORD,"5	",32316,296711,964701,49.66676328
ORD,"6	",19351,202940,846156,41.67676653
ORD,"7	",20607,248122,909981,46.15316659
ORF,"1	",1190,11903,63927,44.40468789
ORF,"2	",1361,11350,63640,45.01321586
ORF,"3	",1334,11923,63763,45.00142582
ORF,"4	",1470,13382,63715,45.11874159
ORF,"5	",1501,14554,63631,45.78349595
ORF,"6	",946,9626,55319,0
ORF,"7	",913,11038,59269,43.92716072
ORH,"1	",147,346,2089,0
ORH,"2	",138,417,2099,0
ORH,"3	",126,385,2097,0
ORH,"4	",132,428,2097,0
ORH,"5	",122,413,2079,0
ORH,"6	",126,326,1895,0
ORH,"7	",126,284,1965,0
OTH,"1	",1,41,75,69.14634146
OTH,"2	",2,30,76,55.13333333
OTH,"3	",3,33,74,0
OTH,"4	",0,32,72,48.4375
OTH,"5	",1,28,72,48.32142857
OTH,"6	",3,24,72,0
OTH,"7	",7,31,74,0
OTZ,"1	",111,685,2903,0
OTZ,"2	",120,635,3026,0
OTZ,"3	",149,724,3179,0
OTZ,"4	",141,710,2983,0
OTZ,"5	",133,886,3066,0
OTZ,"6	",116,719,2853,0
OTZ,"7	",114,571,2798,0
OXR,"1	",33,156,1438,0
OXR,"2	",36,128,1430,0
OXR,"3	",32,113,1435,0
OXR,"4	",27,129,1432,0
OXR,"5	",42,178,1423,0
OXR,"6	",24,107,1070,0
OXR,"7	",22,131,1256,0
PBI,"1	",879,16330,76562,43.42504593
PBI,"2	",912,16039,75723,42.75472286
PBI,"3	",848,16449,75855,43.40081464
PBI,"4	",739,17864,76255,44.59964174
PBI,"5	",867,18394,76488,47.7279004
PBI,"6	",992,13623,75288,40.83028701
PBI,"7	",795,15510,76180,43.731657
PDX,"1	",1787,29605,154194,40.14156393
PDX,"2	",2036,27609,154030,37.77836937
PDX,"3	",1968,28993,154082,38.80567723
PDX,"4	",1909,33483,153462,38.99217513
PDX,"5	",1626,35338,153737,39.94507329
PDX,"6	",1684,23867,138384,37.78317342
PDX,"7	",1506,28666,146830,39.82247262
PFN,"1	",114,982,3603,0
PFN,"2	",80,889,3584,0
PFN,"3	",70,882,3607,0
PFN,"4	",111,1022,3613,0
PFN,"5	",68,1016,3603,0
PFN,"6	",84,891,4023,0
PFN,"7	",97,935,3858,0
PHF,"1	",136,1632,6379,0
PHF,"2	",141,1294,6297,0
PHF,"3	",119,1373,6327,0
PHF,"4	",138,1554,6337,0
PHF,"5	",150,1601,6366,0
PHF,"6	",109,1123,5898,0
PHF,"7	",107,1402,6290,0
PHL,"1	",8361,85697,319382,44.52501254
PHL,"2	",8924,84828,318638,44.98091432
PHL,"3	",8580,93828,318715,45.51078569
PHL,"4	",8406,101551,318554,46.55600634
PHL,"5	",9246,108028,318101,48.27925168
PHL,"6	",6080,66970,273419,39.44439301
PHL,"7	",6324,78611,298240,44.05546298
PHX,"1	",5814,116479,511370,37.08978442
PHX,"2	",7409,108303,511405,36.08566706
PHX,"3	",7027,116049,511778,36.53533421
PHX,"4	",6334,134587,508870,38.38109921
PHX,"5	",4680,147114,509471,38.3001074
PHX,"6	",4136,99349,449583,34.82990267
PHX,"7	",3828,123794,488600,36.61878605
PIA,"1	",308,1385,6525,0
PIA,"2	",295,1322,6514,0
PIA,"3	",311,1310,6537,0
PIA,"4	",290,1333,6520,0
PIA,"5	",291,1358,6515,0
PIA,"6	",179,964,5950,0
PIA,"7	",213,1210,6219,0
PIE,"1	",12,136,947,0
PIE,"2	",6,140,901,0
PIE,"3	",10,100,839,0
PIE,"4	",7,127,941,0
PIE,"5	",13,137,947,0
PIE,"6	",8,136,957,0
PIE,"7	",11,123,942,0
PIH,"1	",21,154,1587,0
PIH,"2	",15,137,1582,0
PIH,"3	",15,157,1579,0
PIH,"4	",27,143,1572,0
PIH,"5	",34,141,1580,0
PIH,"6	",37,140,1528,0
PIH,"7	",25,141,1561,0
PIR,"1	",0,3,3,62.33333333
PIR,"3	",0,0,1,0
PIR,"4	",0,1,2,0
PIR,"5	",0,1,1,77
PIR,"7	",0,1,3,0
PIT,"1	",5826,70075,303624,37.89141634
PIT,"2	",6481,72764,302850,37.7779259
PIT,"3	",5953,78200,302887,37.85556266
PIT,"4	",5727,84534,302555,38.20681619
PIT,"5	",5674,87538,302046,39.77465786
PIT,"6	",4671,55843,266340,35.01634941
PIT,"7	",4500,68574,292001,36.96049523
PLN,"1	",5,11,112,0
PLN,"2	",4,10,107,0
PLN,"3	",4,7,109,0
PLN,"4	",4,12,114,0
PLN,"5	",5,15,114,0
PLN,"6	",2,7,104,0
PLN,"7	",5,18,116,0
PMD,"1	",8,66,487,0
PMD,"2	",11,66,495,0
PMD,"3	",11,53,504,0
PMD,"4	",11,44,496,0
PMD,"5	",7,60,496,0
PMD,"6	",5,63,486,0
PMD,"7	",0,64,406,0
PNS,"1	",544,4044,22674,0
PNS,"2	",446,3818,22613,0
PNS,"3	",483,4061,22680,0
PNS,"4	",474,4669,22673,0
PNS,"5	",412,4628,22661,0
PNS,"6	",453,3296,21024,0
PNS,"7	",412,3620,21790,0
PSC,"1	",70,652,5550,0
PSC,"2	",79,595,5489,0
PSC,"3	",65,702,5524,0
PSC,"4	",84,728,5557,0
PSC,"5	",77,709,5556,0
PSC,"6	",73,668,5344,0
PSC,"7	",96,652,5388,0
PSE,"1	",4,80,422,0
PSE,"2	",0,58,423,0
PSE,"3	",2,69,390,0
PSE,"4	",6,74,416,0
PSE,"5	",2,71,416,0
PSE,"6	",9,85,422,0
PSE,"7	",5,62,394,0
PSG,"1	",134,478,2163,0
PSG,"2	",129,527,2159,0
PSG,"3	",109,567,2158,0
PSG,"4	",110,582,2096,0
PSG,"5	",123,674,2145,0
PSG,"6	",107,556,2148,0
PSG,"7	",124,488,2166,0
PSP,"1	",258,3875,20952,0
PSP,"2	",249,3591,20738,0
PSP,"3	",232,3724,20877,0
PSP,"4	",259,3956,20852,0
PSP,"5	",301,4227,20918,0
PSP,"6	",264,3869,20820,0
PSP,"7	",271,4406,21501,0
PUB,"1	",14,42,977,0
PUB,"2	",12,44,975,0
PUB,"3	",15,65,976,0
PUB,"4	",18,72,981,0
PUB,"5	",11,68,976,0
PUB,"6	",10,77,982,0
PUB,"7	",15,63,976,0
PVD,"1	",1194,12552,64843,43.81038878
PVD,"2	",1181,11897,64757,43.59292259
PVD,"3	",1131,12603,64890,44.20439578
PVD,"4	",1165,13835,64670,45.6232743
PVD,"5	",1321,15389,64743,46.35811294
PVD,"6	",869,9614,57035,41.51227377
PVD,"7	",968,11081,61528,43.56673585
PVU,"6	",1,0,1,0
PVU,"7	",0,0,1,0
PWM,"1	",760,4924,23325,50.82859464
PWM,"2	",728,5039,23304,0
PWM,"3	",711,5077,23320,49.67008076
PWM,"4	",747,5328,23314,48.84853604
PWM,"5	",873,5539,23269,51.78822892
PWM,"6	",669,4313,22273,0
PWM,"7	",662,4252,22797,0
RAP,"1	",144,960,7772,0
RAP,"2	",109,860,7683,0
RAP,"3	",132,959,7759,0
RAP,"4	",142,961,7731,0
RAP,"5	",151,898,7737,0
RAP,"6	",101,900,7439,0
RAP,"7	",125,904,7662,0
RDD,"1	",39,392,1762,0
RDD,"2	",42,373,1760,0
RDD,"3	",41,367,1757,0
RDD,"4	",23,395,1759,0
RDD,"5	",48,441,1754,0
RDD,"6	",27,371,1596,0
RDD,"7	",35,405,1728,0
RDM,"1	",41,534,2999,0
RDM,"2	",32,502,2983,0
RDM,"3	",47,518,2961,0
RDM,"4	",36,535,2993,0
RDM,"5	",22,567,2990,0
RDM,"6	",26,472,2623,0
RDM,"7	",52,539,2868,0
RDR,"1	",0,0,6,0
RDR,"2	",0,1,7,0
RDR,"3	",0,0,8,0
RDR,"4	",0,0,7,0
RDR,"5	",0,0,6,0
RDR,"6	",0,1,6,0
RDR,"7	",0,1,6,0
RDU,"1	",2651,30029,153091,44.63202238
RDU,"2	",2762,28697,152699,44.49012092
RDU,"3	",2911,30388,152829,45.34566276
RDU,"4	",3169,34707,152629,45.41775434
RDU,"5	",3177,36369,152650,46.95636394
RDU,"6	",2193,22186,131414,41.26462634
RDU,"7	",2168,26648,141470,44.499287
RFD,"1	",0,34,234,0
RFD,"2	",3,35,236,0
RFD,"3	",2,33,236,0
RFD,"4	",7,45,234,0
RFD,"5	",2,40,236,0
RFD,"6	",3,42,231,0
RFD,"7	",1,38,153,0
RHI,"1	",3,16,70,0
RHI,"2	",10,13,69,0
RHI,"3	",4,12,69,0
RHI,"4	",4,12,67,0
RHI,"5	",3,13,68,0
RHI,"6	",3,8,47,0
RHI,"7	",7,8,54,0
RIC,"1	",1362,10127,53682,47.57559001
RIC,"2	",1396,9904,53569,45.79452746
RIC,"3	",1255,10662,53677,46.29656725
RIC,"4	",1387,11930,53491,46.80980721
RIC,"5	",1529,12459,53330,48.50549803
RIC,"6	",1027,6873,42450,44.43227121
RIC,"7	",1049,8673,48444,0
RKS,"1	",4,34,140,0
RKS,"2	",4,22,140,0
RKS,"3	",3,30,137,37.63333333
RKS,"4	",6,39,132,59.23076923
RKS,"5	",6,31,133,52.77419355
RKS,"6	",3,31,136,0
RKS,"7	",2,27,136,0
RNO,"1	",594,13289,74015,41.27376025
RNO,"2	",869,11138,73983,39.85491112
RNO,"3	",816,11884,73904,40.73678896
RNO,"4	",779,15211,73974,42.14239695
RNO,"5	",708,18454,74230,42.01826162
RNO,"6	",665,11826,67757,41.35024522
RNO,"7	",476,15985,72160,41.51904911
ROA,"1	",390,1672,10194,0
ROA,"2	",354,1666,10132,0
ROA,"3	",325,1776,10205,0
ROA,"4	",400,1892,10160,0
ROA,"5	",392,1933,10178,0
ROA,"6	",276,1369,8782,0
ROA,"7	",345,1527,9710,0
ROC,"1	",1434,10854,54478,47.78993919
ROC,"2	",1350,10723,54379,46.92921757
ROC,"3	",1407,11454,54438,48.06425703
ROC,"4	",1473,12233,54429,48.23297638
ROC,"5	",1515,12594,54215,50.17921232
ROC,"6	",1064,8089,46684,44.0110026
ROC,"7	",1082,8882,49476,0
ROP,"1	",19,28,289,0
ROP,"2	",11,16,280,0
ROP,"3	",22,23,290,0
ROP,"4	",25,24,274,0
ROP,"5	",20,39,268,0
ROP,"6	",11,26,281,0
ROP,"7	",23,17,276,0
ROR,"1	",28,33,324,0
ROR,"2	",9,45,309,0
ROR,"3	",6,52,203,0
ROR,"4	",23,66,435,0
ROR,"5	",10,82,314,0
ROR,"6	",6,60,410,0
ROR,"7	",15,54,233,0
ROW,"1	",0,36,177,0
ROW,"2	",6,42,177,62.57142857
ROW,"3	",1,32,178,0
ROW,"4	",5,20,175,0
ROW,"5	",0,34,175,0
ROW,"6	",0,29,138,0
ROW,"7	",1,32,176,0
RST,"1	",376,1456,9051,0
RST,"2	",385,1386,9089,0
RST,"3	",376,1469,9108,0
RST,"4	",407,1513,9037,0
RST,"5	",404,1488,9016,0
RST,"6	",256,900,7483,0
RST,"7	",241,1099,7476,0
RSW,"1	",615,11182,56647,44.34439277
RSW,"2	",517,11151,56046,44.35736705
RSW,"3	",473,11483,56054,44.69389532
RSW,"4	",467,12007,56467,45.03073207
RSW,"5	",612,12470,56739,47.66303128
RSW,"6	",589,11184,58704,42.42364092
RSW,"7	",553,10858,57547,44.83882851
SAN,"1	",2816,42516,225588,38.59565811
SAN,"2	",3938,38404,225505,37.64180814
SAN,"3	",3610,41683,225407,37.92075906
SAN,"4	",3022,49294,224771,39.32855926
SAN,"5	",2123,58275,225150,38.77642214
SAN,"6	",2190,35939,203050,36.34502908
SAN,"7	",1890,48143,217364,38.66854994
SAT,"1	",1567,17544,119564,42.89107387
SAT,"2	",1702,16934,119315,42.01895595
SAT,"3	",1499,18773,119574,40.23342034
SAT,"4	",1319,22509,118983,42.43191612
SAT,"5	",1082,24280,118915,41.79546952
SAT,"6	",939,13578,101406,39.06245397
SAT,"7	",763,18829,112060,40.68336077
SAV,"1	",537,4926,26762,0
SAV,"2	",527,4605,26520,0
SAV,"3	",523,4848,26573,0
SAV,"4	",559,5526,26733,0
SAV,"5	",558,5752,26673,47.49443672
SAV,"6	",452,4724,25997,0
SAV,"7	",438,4763,26597,0
SBA,"1	",403,3010,17640,0
SBA,"2	",365,2689,17456,0
SBA,"3	",335,2750,17609,0
SBA,"4	",323,3058,17647,0
SBA,"5	",376,3310,17584,0
SBA,"6	",289,2427,15363,0
SBA,"7	",285,3071,16660,0
SBN,"1	",317,1602,9640,0
SBN,"2	",350,1440,9583,0
SBN,"3	",315,1540,9653,0
SBN,"4	",281,1642,9638,0
SBN,"5	",273,1700,9640,0
SBN,"6	",257,1275,8331,0
SBN,"7	",235,1454,8993,0
SBP,"1	",112,1034,6024,0
SBP,"2	",113,863,5946,0
SBP,"3	",113,880,6005,0
SBP,"4	",99,954,6039,0
SBP,"5	",133,1132,6024,0
SBP,"6	",97,851,5439,0
SBP,"7	",116,1040,6136,0
SCC,"1	",66,242,1758,0
SCC,"2	",60,305,1804,0
SCC,"3	",66,352,1800,0
SCC,"4	",81,324,1682,0
SCC,"5	",67,304,1696,0
SCC,"6	",76,295,1577,0
SCC,"7	",63,189,1236,0
SCE,"1	",28,125,949,0
SCE,"2	",32,119,938,0
SCE,"3	",24,108,952,0
SCE,"4	",31,115,952,0
SCE,"5	",31,139,948,0
SCE,"6	",33,110,900,0
SCE,"7	",33,116,935,0
SCK,"1	",17,64,568,0
SCK,"2	",15,57,582,0
SCK,"3	",20,69,577,0
SCK,"4	",20,71,580,0
SCK,"5	",19,79,572,0
SCK,"6	",7,34,420,0
SCK,"7	",13,50,418,0
SDF,"1	",983,12327,68523,44.22957735
SDF,"2	",1071,12012,68281,44.75690976
SDF,"3	",1011,12806,68515,44.77846322
SDF,"4	",1034,14749,68375,44.91694352
SDF,"5	",926,15384,68219,45.56909776
SDF,"6	",836,8921,56977,40.58233382
SDF,"7	",748,11319,62755,42.96360102
SEA,"1	",3657,68225,289590,38.27834372
SEA,"2	",4589,65825,288388,37.51246487
SEA,"3	",4489,69644,288374,38.34822813
SEA,"4	",4110,78155,288408,39.32407396
SEA,"5	",3666,81439,288857,39.73529881
SEA,"6	",3453,59924,262502,36.7738135
SEA,"7	",3105,66646,277958,39.11537076
SFO,"1	",8343,94245,398868,43.05752029
SFO,"2	",9933,89267,398211,41.452306
SFO,"3	",9366,96833,398979,41.85677403
SFO,"4	",8509,106622,397800,43.16901765
SFO,"5	",6815,111829,397498,45.08879629
SFO,"6	",6512,79514,359000,39.80437407
SFO,"7	",5637,97355,383554,43.75363361
SGF,"1	",385,2437,12253,0
SGF,"2	",396,2235,12223,0
SGF,"3	",373,2343,12261,0
SGF,"4	",392,2545,12199,0
SGF,"5	",332,2584,12177,0
SGF,"6	",262,1893,11139,0
SGF,"7	",300,2108,11669,0
SGU,"1	",34,337,2801,0
SGU,"2	",24,303,2808,0
SGU,"3	",20,345,2808,0
SGU,"4	",22,428,2801,0
SGU,"5	",21,437,2800,0
SGU,"6	",23,315,2621,0
SGU,"7	",30,390,2655,0
SHV,"1	",398,3129,18903,0
SHV,"2	",416,3004,18940,0
SHV,"3	",416,3185,18958,0
SHV,"4	",417,3399,18909,0
SHV,"5	",350,3354,18863,0
SHV,"6	",294,2278,16678,0
SHV,"7	",343,2779,18033,0
SIT,"1	",62,760,4232,0
SIT,"2	",70,775,4034,0
SIT,"3	",52,907,4200,0
SIT,"4	",44,891,3985,0
SIT,"5	",63,1039,4189,0
SIT,"6	",72,850,4001,0
SIT,"7	",61,772,4006,0
SJC,"1	",2254,27730,164487,37.31053011
SJC,"2	",2607,23054,164408,36.46824846
SJC,"3	",2600,25718,164412,36.60444047
SJC,"4	",2229,32953,163967,37.48899948
SJC,"5	",1705,39890,164120,37.91559288
SJC,"6	",1723,19519,135342,35.58952815
SJC,"7	",1382,30664,151397,0
SJT,"1	",78,298,2459,0
SJT,"2	",74,295,2411,0
SJT,"3	",82,263,2454,0
SJT,"4	",58,299,2442,0
SJT,"5	",53,298,2446,0
SJT,"6	",47,236,2013,0
SJT,"7	",55,267,2365,0
SJU,"1	",840,13589,63611,0
SJU,"2	",1037,12104,62639,43.22884997
SJU,"3	",1005,12544,62278,45.11822385
SJU,"4	",717,13699,63192,0
SJU,"5	",778,14147,63491,46.40467944
SJU,"6	",883,18622,73376,46.38416926
SJU,"7	",667,17566,72432,47.0270978
SLC,"1	",2979,57025,290303,38.33034634
SLC,"2	",3172,54900,286334,37.71934426
SLC,"3	",3235,59638,288683,38.37615279
SLC,"4	",3097,66966,289290,38.60484425
SLC,"5	",3018,69010,289476,39.68492972
SLC,"6	",2956,52888,273993,37.05557026
SLC,"7	",2463,59826,285111,38.23722128
SLE,"1	",1,14,139,0
SLE,"2	",1,11,115,0
SLE,"3	",1,13,122,0
SLE,"4	",1,17,136,0
SLE,"5	",0,21,138,0
SLE,"6	",0,8,104,0
SLE,"7	",0,13,130,0
SMF,"1	",986,20869,120171,38.61852509
SMF,"2	",1472,17900,120329,38.5375419
SMF,"3	",1406,19721,120344,38.39323564
SMF,"4	",1203,24874,119698,39.1887111
SMF,"5	",1112,29687,119979,40.10822919
SMF,"6	",957,16153,102146,37.20485359
SMF,"7	",750,23499,111158,38.88293119
SMX,"1	",36,207,1700,0
SMX,"2	",38,166,1708,0
SMX,"3	",38,174,1709,0
SMX,"4	",32,187,1700,0
SMX,"5	",28,277,1694,0
SMX,"6	",25,155,1453,0
SMX,"7	",35,227,1622,0
SNA,"1	",2080,22524,122927,38.56335464
SNA,"2	",2407,19199,122884,38.13781968
SNA,"3	",2163,21669,123047,37.73072131
SNA,"4	",2045,25582,122490,38.42213275
SNA,"5	",2008,28707,122596,38.10694256
SNA,"6	",1732,15731,102716,36.98232789
SNA,"7	",1354,22630,105439,37.8703049
SOP,"1	",1,28,58,0
SOP,"2	",2,6,10,100.6666667
SOP,"3	",2,20,55,0
SOP,"4	",1,35,56,0
SOP,"5	",4,23,55,0
SOP,"6	",0,8,28,0
SOP,"7	",2,21,57,0
SPI,"1	",49,244,889,0
SPI,"2	",62,227,893,0
SPI,"3	",64,223,884,0
SPI,"4	",68,224,882,0
SPI,"5	",61,218,878,0
SPI,"6	",37,126,755,0
SPI,"7	",57,185,784,0
SPN,"1	",39,188,1612,0
SPN,"2	",46,155,1396,0
SPN,"3	",31,119,1276,0
SPN,"4	",49,139,1412,0
SPN,"5	",43,219,1411,0
SPN,"6	",41,209,1732,0
SPN,"7	",24,192,1358,0
SPS,"1	",97,283,2602,0
SPS,"2	",131,308,2521,0
SPS,"3	",115,275,2552,0
SPS,"4	",113,262,2589,0
SPS,"5	",83,293,2598,0
SPS,"6	",46,197,2128,0
SPS,"7	",64,294,2593,0
SRQ,"1	",275,4031,23796,0
SRQ,"2	",247,4260,23639,0
SRQ,"3	",245,4205,23718,0
SRQ,"4	",253,4467,23542,0
SRQ,"5	",263,4448,23757,0
SRQ,"6	",281,3901,24412,0
SRQ,"7	",272,3722,24200,0
STL,"1	",7732,88863,401644,40.59255258
STL,"2	",8998,87378,402593,39.89631257
STL,"3	",8016,94294,402645,40.43511782
STL,"4	",8196,106977,399230,42.57841405
STL,"5	",7187,109092,398691,43.23773512
STL,"6	",4740,62251,334913,35.50998378
STL,"7	",4245,79676,369345,37.57343491
STT,"1	",123,1545,8134,0
STT,"2	",144,1379,8157,0
STT,"3	",127,1317,7783,0
STT,"4	",104,1562,8238,0
STT,"5	",133,1655,8315,0
STT,"6	",133,2447,10243,0
STT,"7	",143,1792,9165,0
STX,"1	",66,762,3828,0
STX,"2	",64,599,3761,0
STX,"3	",64,668,3790,0
STX,"4	",60,715,3837,0
STX,"5	",70,711,3921,0
STX,"6	",76,931,4276,0
STX,"7	",64,715,3936,0
SUN,"1	",142,272,2665,0
SUN,"2	",126,220,2547,0
SUN,"3	",130,268,2576,0
SUN,"4	",175,268,2689,0
SUN,"5	",154,321,2737,0
SUN,"6	",190,304,2733,0
SUN,"7	",163,331,2646,0
SUX,"1	",64,285,2659,0
SUX,"2	",51,259,2649,0
SUX,"3	",49,283,2643,0
SUX,"4	",60,290,2638,0
SUX,"5	",60,301,2635,0
SUX,"6	",59,273,2525,0
SUX,"7	",49,237,2285,0
SWF,"1	",186,1687,8324,0
SWF,"2	",178,1619,8280,0
SWF,"3	",198,1619,8269,0
SWF,"4	",191,1767,8256,0
SWF,"5	",204,1814,8271,0
SWF,"6	",155,1338,7817,0
SWF,"7	",150,1492,8183,0
SYR,"1	",1061,8965,49857,44.47462354
SYR,"2	",1021,9529,49739,42.55336342
SYR,"3	",1045,9939,49866,42.9714257
SYR,"4	",1137,10718,49771,43.89149095
SYR,"5	",1116,11140,49566,45.644614
SYR,"6	",909,6991,42534,40.55499928
SYR,"7	",833,7684,45775,42.95770432
TEX,"1	",8,37,100,33.13513514
TEX,"2	",8,21,91,0
TEX,"3	",20,19,91,0
TEX,"4	",22,18,98,0
TEX,"5	",17,31,102,0
TEX,"6	",12,35,101,0
TEX,"7	",19,32,100,47.46875
TLH,"1	",302,2224,15123,0
TLH,"2	",277,2106,15077,0
TLH,"3	",239,2210,15139,0
TLH,"4	",223,2696,15125,0
TLH,"5	",233,2602,15042,0
TLH,"6	",298,1743,13259,0
TLH,"7	",214,1996,13655,0
TOL,"1	",256,1500,8600,0
TOL,"2	",238,1506,8580,0
TOL,"3	",246,1504,8593,0
TOL,"4	",271,1665,8578,0
TOL,"5	",227,1640,8564,0
TOL,"6	",170,1192,7416,0
TOL,"7	",232,1423,8416,0
TPA,"1	",2002,36382,190905,43.99065472
TPA,"2	",2151,35485,189103,42.34042553
TPA,"3	",2062,36665,189581,43.07143052
TPA,"4	",1908,41305,190347,44.19494008
TPA,"5	",2029,43322,190862,45.97550898
TPA,"6	",1993,32402,183761,41.94339856
TPA,"7	",1898,34570,187093,43.49389644
TRI,"1	",223,1095,7145,0
TRI,"2	",176,1131,7108,0
TRI,"3	",178,1114,7156,0
TRI,"4	",204,1274,7134,0
TRI,"5	",223,1209,7096,0
TRI,"6	",160,852,6161,0
TRI,"7	",208,1008,6670,0
TTN,"1	",10,60,262,0
TTN,"2	",14,35,267,0
TTN,"3	",12,36,261,0
TTN,"4	",10,52,263,0
TTN,"5	",12,65,270,0
TTN,"6	",6,14,163,0
TTN,"7	",6,29,201,0
TUL,"1	",1062,11163,70046,45.66550211
TUL,"2	",985,10698,69965,43.49074593
TUL,"3	",1011,11984,70198,42.60906208
TUL,"4	",1073,13780,69894,44.25290276
TUL,"5	",916,14356,69643,42.71113123
TUL,"6	",786,8208,58465,0
TUL,"7	",733,10671,62895,43.42770125
TUP,"1	",26,68,300,0
TUP,"2	",13,53,271,0
TUP,"3	",13,57,273,0
TUP,"4	",14,75,302,0
TUP,"5	",11,63,301,0
TUP,"6	",11,46,256,0
TUP,"7	",13,48,268,0
TUS,"1	",562,9873,59791,40.28603261
TUS,"2	",634,9057,59483,38.97626146
TUS,"3	",604,9697,59658,39.7024853
TUS,"4	",655,11040,59671,40.45932971
TUS,"5	",557,11882,59786,41.27579532
TUS,"6	",572,8414,56877,39.14844307
TUS,"7	",467,9839,58717,39.43591828
TVC,"1	",150,1151,5022,0
TVC,"2	",157,1001,4993,0
TVC,"3	",142,1019,4975,0
TVC,"4	",180,1113,4989,0
TVC,"5	",177,1122,4993,0
TVC,"6	",124,984,5085,0
TVC,"7	",140,1082,4967,0
TVL,"1	",30,55,504,0
TVL,"2	",35,28,364,0
TVL,"3	",29,39,358,0
TVL,"4	",42,67,516,0
TVL,"5	",27,83,527,0
TVL,"6	",49,67,521,0
TVL,"7	",31,79,524,0
TWF,"1	",23,270,1770,0
TWF,"2	",22,270,1771,0
TWF,"3	",23,261,1771,0
TWF,"4	",48,258,1745,0
TWF,"5	",42,259,1749,0
TWF,"6	",53,274,1765,0
TWF,"7	",28,301,1810,0
TXK,"1	",58,215,1729,0
TXK,"2	",68,195,1690,0
TXK,"3	",67,195,1724,0
TXK,"4	",77,190,1726,0
TXK,"5	",55,208,1737,0
TXK,"6	",40,142,1587,0
TXK,"7	",55,161,1547,0
TYR,"1	",96,337,3052,0
TYR,"2	",99,316,3056,0
TYR,"3	",86,305,3046,0
TYR,"4	",98,308,3033,0
TYR,"5	",62,292,3034,0
TYR,"6	",58,230,2629,0
TYR,"7	",62,280,2889,0
TYS,"1	",611,5004,29483,0
TYS,"2	",631,4756,29255,0
TYS,"3	",592,5154,29481,0
TYS,"4	",602,5646,29498,0
TYS,"5	",632,5615,29420,0
TYS,"6	",470,3534,25015,0
TYS,"7	",419,4401,27672,0
UCA,"1	",17,124,678,0
UCA,"2	",15,107,681,0
UCA,"3	",9,100,687,0
UCA,"4	",9,111,686,0
UCA,"5	",21,117,684,0
UCA,"6	",11,94,609,0
UCA,"7	",4,68,614,0
VCT,"1	",18,44,379,0
VCT,"2	",16,39,362,0
VCT,"3	",5,37,371,0
VCT,"4	",13,55,381,0
VCT,"5	",11,47,383,0
VCT,"6	",10,16,218,0
VCT,"7	",13,43,351,0
VIS,"1	",18,17,301,0
VIS,"2	",18,14,302,0
VIS,"3	",20,17,306,0
VIS,"4	",19,17,301,0
VIS,"5	",27,14,299,0
VIS,"6	",26,12,212,0
VIS,"7	",21,14,272,0
VLD,"1	",49,286,1070,0
VLD,"2	",27,224,1039,0
VLD,"3	",27,249,1077,0
VLD,"4	",41,270,1057,0
VLD,"5	",31,294,1071,0
VLD,"6	",24,169,924,0
VLD,"7	",34,239,1062,0
VPS,"1	",246,1613,8227,0
VPS,"2	",186,1488,8190,0
VPS,"3	",188,1439,8197,0
VPS,"4	",219,1618,8219,0
VPS,"5	",159,1641,8216,0
VPS,"6	",172,1391,8221,0
VPS,"7	",179,1419,8302,0
WRG,"1	",105,427,2169,0
WRG,"2	",105,466,2162,0
WRG,"3	",98,505,2160,0
WRG,"4	",87,541,2100,0
WRG,"5	",115,558,2140,0
WRG,"6	",105,488,2143,0
WRG,"7	",91,429,2167,0
WYS,"1	",5,12,215,0
WYS,"2	",6,10,213,0
WYS,"3	",4,17,207,0
WYS,"4	",5,14,218,0
WYS,"5	",6,32,216,0
WYS,"6	",2,34,283,0
WYS,"7	",11,29,280,0
XNA,"1	",561,3476,13876,0
XNA,"2	",522,3181,13746,0
XNA,"3	",408,3269,13817,59.5114714
XNA,"4	",534,3500,13799,58.80057143
XNA,"5	",554,3379,13624,0
XNA,"6	",273,1689,9003,0
XNA,"7	",419,2471,10866,0
YAK,"1	",23,326,2174,0
YAK,"2	",39,399,2144,0
YAK,"3	",35,456,2131,0
YAK,"4	",41,508,2114,0
YAK,"5	",38,529,2146,0
YAK,"6	",37,504,2133,0
YAK,"7	",39,380,2162,0
YAP,"1	",0,0,3,0
YAP,"2	",2,35,153,0
YAP,"3	",1,40,97,107.925
YAP,"4	",0,30,94,0
YAP,"5	",0,29,92,0
YAP,"6	",0,45,172,0
YAP,"7	",5,21,98,0
YKM,"1	",2,51,267,0
YKM,"2	",5,36,261,0
YKM,"3	",2,39,266,0
YKM,"4	",3,39,268,0
YKM,"5	",2,54,269,0
YKM,"6	",5,48,268,0
YKM,"7	",3,51,264,0
YUM,"1	",42,455,3363,0
YUM,"2	",55,451,3369,0
YUM,"3	",48,475,3368,0
YUM,"4	",55,530,3410,0
YUM,"5	",56,554,3399,0
YUM,"6	",46,383,2957,0
YUM,"7	",50,454,3057,0
